filename,width,height,class,xmin,ymin,xmax,ymax
412729_jpg.rf.73faa6f9e0c37d9d2de4581af6a0110d.jpg,640,640,ship,68,199,603,431
346934_jpg.rf.747c17c813435612c2dd253d6a293839.jpg,640,640,ship,125,263,427,468
878160_jpg.rf.73b5da233d842302044681bed4ecb810.jpg,640,640,ship,162,320,520,575
551618_jpg.rf.73b98d861c1c3d6048f72d96514576e2.jpg,640,640,ship,69,154,589,516
609428_jpg.rf.7416b499ddb0e93c769384b5e85cd15d.jpg,640,640,ship,44,240,631,518
759812_jpg.rf.7499d8d075f95d6e63233ba4337a5852.jpg,640,640,ship,23,301,625,494
876584_jpg.rf.7657d2906eff259cfd31294878d69b82.jpg,640,640,ship,30,204,612,444
777345_jpg.rf.748f3b2ae9e6f31936396bd728288921.jpg,640,640,ship,35,163,485,533
255635_jpg.rf.74df3be72b7525d0cd81c7a615de08bc.jpg,640,640,ship,31,253,614,408
481380_jpg.rf.75f47361767cc8a58123a3769a67ba08.jpg,640,640,ship,56,346,589,476
312921_jpg.rf.750f0b5efa16fd0ccc51d5bc038d9206.jpg,640,640,ship,54,325,594,433
431570_jpg.rf.74ef37848d12b5fc7ec06a2de4fb7456.jpg,640,640,ship,36,161,589,601
245434_jpg.rf.76794178d516b79a6f254be62a5ff339.jpg,640,640,ship,47,168,585,428
774368_jpg.rf.7523453a016505a64b87728867a87f09.jpg,640,640,ship,108,226,530,439
317534_jpg.rf.762912a3a7bba9252ba07a9c06fb3024.jpg,640,640,ship,219,261,461,354
367939_jpg.rf.752fd719e2deab7dfcdaed6fb875368d.jpg,640,640,ship,84,235,569,400
99095_jpg.rf.75523a63f76f5d4b26104976b346a10c.jpg,640,640,ship,26,133,629,395
192-168-0-64_01_20200727114639148_jpg.rf.778eae5179461f487752335e2a2fea86.jpg,640,640,ship,193,322,484,471
192-168-0-64_01_20200727114639148_jpg.rf.778eae5179461f487752335e2a2fea86.jpg,640,640,ship,586,280,640,385
191126_jpg.rf.76fd01733eabf29ac0651d8a39270008.jpg,640,640,ship,22,156,640,396
711351_jpg.rf.76eef6a63b4ca766d61285b5e31cffc8.jpg,640,640,ship,80,155,605,457
585548_jpg.rf.77a243c31ac43382114965328d1465e1.jpg,640,640,ship,237,85,492,497
804994_jpg.rf.76e700538bab554bb51948a76d6b6f75.jpg,640,640,ship,23,216,605,439
736187_jpg.rf.783f963578f40f601bf6e7c3f73705d8.jpg,640,640,ship,135,113,490,608
100677_jpg.rf.7709f8012ec468f2235c15a127b3e6ea.jpg,640,640,ship,43,109,593,447
463840_jpg.rf.778bb523f993199e656fce31c09edbfc.jpg,640,640,ship,0,254,628,376
192-168-0-64_01_20201012174906245_jpg.rf.7904c4d24c56569b41a9ee492b6a01d5.jpg,640,640,ship,136,288,360,500
804719_jpg.rf.791ba0598d7c5fd942a78eb37318386f.jpg,640,640,ship,85,49,470,576
306294_jpg.rf.76e017808a01a204df6343d0bcf825a4.jpg,640,640,ship,79,378,581,518
91421_jpg.rf.79674744916abd5cd0bd2e5d01e632b5.jpg,640,640,ship,17,285,615,507
157492_jpg.rf.785a98be1d0ea1a723f2cdf1f8683ca3.jpg,640,640,ship,25,370,567,435
192-168-0-64_01_20200809110149699_jpg.rf.7882b5aa74e3661d7336e433bc9e1ba5.jpg,640,640,ship,148,139,265,361
192-168-0-64_01_20200809110149699_jpg.rf.7882b5aa74e3661d7336e433bc9e1ba5.jpg,640,640,ship,561,244,614,323
371104_jpg.rf.77c545e5567a9316d01be9deaef624c9.jpg,640,640,ship,108,298,590,423
216985_jpg.rf.78d5253de131e0d490e6256c4d578d33.jpg,640,640,ship,78,339,560,454
192-168-0-64_01_20200908141940842_jpg.rf.796c69e62b54cb411cadffc7c1dfc2db.jpg,640,640,ship,173,437,341,550
80316_jpg.rf.797f756a0c02bf4fd3fb021d7524b91e.jpg,640,640,ship,50,278,608,398
792746_jpg.rf.7985fa986ec5c88f1bae98354c9f2caf.jpg,640,640,ship,58,223,590,395
775693_jpg.rf.798ed6b8461e668d367e98907753eaea.jpg,640,640,ship,19,291,624,441
105492_jpg.rf.78831dd28a7c82ab6815662ffc31ec4f.jpg,640,640,ship,169,172,595,389
495034_jpg.rf.79dfff7c81651eba07a4742a6452d559.jpg,640,640,ship,11,236,629,456
851262_jpg.rf.79a69414c9f5e5848d53e60f651c4fbd.jpg,640,640,ship,40,241,598,391
407898_jpg.rf.7aecd2011761507561e14caa469a78b9.jpg,640,640,ship,34,268,571,343
63386_jpg.rf.79f08f772f6e5c0847f0e9b85ed9d1ed.jpg,640,640,ship,40,265,592,585
663039_jpg.rf.7a45bd4757643a707b4b0eb9ffd08594.jpg,640,640,ship,37,227,622,482
890349_jpg.rf.7a172c23d82fe25c89e3f46aed367625.jpg,640,640,ship,65,222,613,460
359839_jpg.rf.7b4f22f4572276c7257e92abf72fed85.jpg,640,640,ship,66,323,609,475
485778_jpg.rf.7c10a578f33bccdf3c74ac6e3be49e25.jpg,640,640,ship,36,172,596,377
449486_jpg.rf.7caafd2bd88d8d522aedeb50c10c5168.jpg,640,640,ship,177,146,482,599
616166_jpg.rf.7cc6f922278755ed3968e77bb1e6e77a.jpg,640,640,ship,39,167,606,445
513580_jpg.rf.7befd83c2fd8a2e1d9dd493f13b13b7b.jpg,640,640,ship,53,208,605,368
389804_jpg.rf.7b9a9c55234434c35ad540b1793d4117.jpg,640,640,ship,31,159,631,384
779946_jpg.rf.7d7b6b576bbd5f737f2b1dc812790b57.jpg,640,640,ship,27,150,615,380
712765_jpg.rf.7cfbdfa5b38314b678c2553800962533.jpg,640,640,ship,87,227,572,422
695028_jpg.rf.7d8c05c0f247cac67e41d18d3f72b30e.jpg,640,640,ship,99,199,584,346
357968_jpg.rf.7dbc169f54444dee874962a9538f1e6b.jpg,640,640,ship,54,189,601,441
667950_jpg.rf.7dcb41d8ac8e6ab5dc3fd349f65d1dfe.jpg,640,640,ship,25,164,545,429
24148_jpg.rf.7e5acf84cae4bec9939a3bccd5faaf3e.jpg,640,640,ship,134,146,591,436
514784_jpg.rf.7f12ee4e943a362fdc0bdc8c4e86bc84.jpg,640,640,ship,29,328,591,448
599893_jpg.rf.801fe01e6ec1797f92661f7dc569ef2d.jpg,640,640,ship,79,190,621,572
628810_jpg.rf.7fab9414782f167c578135dc42206de1.jpg,640,640,ship,48,72,610,470
697275_jpg.rf.8095b93aeae830c5e63bb71d46446204.jpg,640,640,ship,11,197,611,402
810505_jpg.rf.7e4ea9ac676e62e7f0d84fb733abc271.jpg,640,640,ship,156,388,454,490
473832_jpg.rf.7f175885ac0f05e80d2505f2fcd3ff27.jpg,640,640,ship,20,235,640,375
452836_jpg.rf.806f25d5b706dcc20f5985f07b5163b7.jpg,640,640,ship,30,140,638,388
582075_jpg.rf.809e63599b573b7d10f3e09fb88167c2.jpg,640,640,ship,31,144,621,521
857750_jpg.rf.828504ae3c2b6e46fbeea7e4a2045874.jpg,640,640,ship,38,173,620,443
48693_jpg.rf.82507260ca90a6d9cfb75dd694edeb42.jpg,640,640,ship,96,221,594,354
381311_jpg.rf.7fb70e2f910a22e872ea3e91ffdf19fe.jpg,640,640,ship,48,218,613,528
457001_jpg.rf.81673df833beb659bf6e0919285d2bcd.jpg,640,640,ship,60,119,620,384
195230_jpg.rf.8245debebdf127a5bf582418cbdecac4.jpg,640,640,ship,73,170,615,515
223038_jpg.rf.80ed99fe06b6026d0bdf3a9593afb6be.jpg,640,640,ship,24,214,621,544
621564_jpg.rf.82afd2b0c99119607b75ba2a65149d52.jpg,640,640,ship,45,290,617,478
694366_jpg.rf.82988b6c489ebad80770d0187788be53.jpg,640,640,ship,125,21,477,491
794430_jpg.rf.82e0e63befb6286e199c668f02069334.jpg,640,640,ship,34,276,599,404
337348_jpg.rf.82f1bc5d0a06d414b00f306551196a69.jpg,640,640,ship,131,243,519,413
743504_jpg.rf.82dbbe69135e5d0a5e44dd8c37610210.jpg,640,640,ship,60,264,608,454
532551_jpg.rf.831cf3421b0f3695f183aec0416866f0.jpg,640,640,ship,29,186,586,616
71304_jpg.rf.835010b2cf7339e83032c05ab0c504cc.jpg,640,640,ship,109,60,501,598
344083_jpg.rf.8354ebd2d19709528831dc9a25f02eb8.jpg,640,640,ship,53,145,588,550
656972_jpg.rf.83693a90c51e1676fd914b4bc1dcf8d3.jpg,640,640,ship,22,320,610,382
447915_jpg.rf.83baee929b6b9f90a610bb98de984e9e.jpg,640,640,ship,6,214,634,369
31217_jpg.rf.84b802535ca54af76ffb9365bcd86e5c.jpg,640,640,ship,44,305,614,403
184132_jpg.rf.836222be8bd438168a4fe58f69376dd1.jpg,640,640,ship,21,245,629,370
445385_jpg.rf.83a553dd338438f7d1ff9ed4418fe65c.jpg,640,640,ship,33,150,613,458
39357_jpg.rf.855a7e4c9459befdb102ffe7abccff10.jpg,640,640,ship,29,248,604,400
394627_jpg.rf.85bf91f3df399f55a7b8e61311e7c890.jpg,640,640,ship,61,374,581,451
285409_jpg.rf.85e5ef0812bfb84698e65e97b89d526b.jpg,640,640,ship,87,160,555,405
230937_jpg.rf.85a752b57a8b49334389163fe183efdc.jpg,640,640,ship,30,252,612,537
861390_jpg.rf.83d1ee141c19ef6564550adcb22451e7.jpg,640,640,ship,119,184,546,439
579326_jpg.rf.85787c2cf57f58d01703f205272c7723.jpg,640,640,ship,56,220,626,508
724131_jpg.rf.86c340981fa77879c325f17fdbd92da8.jpg,640,640,ship,27,221,615,454
171517_jpg.rf.8685854f13155e8710a96a53fa9df599.jpg,640,640,ship,10,291,598,494
638613_jpg.rf.85de6b80379ff549e66d3b50499af869.jpg,640,640,ship,43,214,615,406
339950_jpg.rf.8748fa9c091d23f7e7bb0cfc804e5ed0.jpg,640,640,ship,104,190,554,520
26017_jpg.rf.852df164f95c9a2bef5c34b725d625f8.jpg,640,640,ship,83,313,565,388
140207_jpg.rf.84a8978e4c2830e558d8bef4f03b7a4b.jpg,640,640,ship,57,342,592,480
442416_jpg.rf.87b4e580df4bd5e377df2cbe37ab6329.jpg,640,640,ship,66,274,546,444
896952_jpg.rf.8aa1d0ef47514e53eb4d237d88a6b57f.jpg,640,640,ship,64,262,611,510
455156_jpg.rf.88e32de50f853301fa95758d3e94a103.jpg,640,640,ship,32,249,590,449
6177_jpg.rf.8947f29f0b264ec9f8587084685d0eb1.jpg,640,640,ship,81,261,604,419
727875_jpg.rf.8ac88d17f1fd5dea7a659bd50cd78e0c.jpg,640,640,ship,38,160,593,480
864550_jpg.rf.879966a1126b14731bfba584aabebd78.jpg,640,640,ship,31,242,629,420
282925_jpg.rf.8a3b27eb319c7f083b77006d9ad3c347.jpg,640,640,ship,36,209,599,431
764555_jpg.rf.8b2328ca41ef0fec35ae4548efd06f61.jpg,640,640,ship,7,245,635,440
724494_jpg.rf.8b7b675c5b84f7ea7ef8ace306c630e9.jpg,640,640,ship,13,247,628,462
608150_jpg.rf.88410029cab0536990c3761f436bbde9.jpg,640,640,ship,80,297,568,395
728356_jpg.rf.8aea79084047ffca8a819fc1950afe3f.jpg,640,640,ship,17,263,622,523
651267_jpg.rf.8bb7ea68f8576b30724dcf796857dfd1.jpg,640,640,ship,37,283,595,423
809325_jpg.rf.8c538994d2236ed5a10c7f6f6ad824e3.jpg,640,640,ship,30,74,438,396
747140_jpg.rf.8ef4acb34ff7f4cdf1a391ee6d3c3dfc.jpg,640,640,ship,13,264,613,464
845733_jpg.rf.8cb9235e7529fbf2a9329fcbf5e72519.jpg,640,640,ship,29,169,619,581
649430_jpg.rf.8c7f7a0e27a452ed14afbbcadc5003fd.jpg,640,640,ship,24,169,621,466
533323_jpg.rf.8f7011e4c21d87e3c6d514916c6136f0.jpg,640,640,ship,52,214,610,419
111437_jpg.rf.8e6ee0b5f6e978afba0add134444bdec.jpg,640,640,ship,9,260,629,422
381738_jpg.rf.8ebbe60404e4a5d2e66b7971ab88865d.jpg,640,640,ship,39,193,629,458
476521_jpg.rf.8ff82e877dfdcc04934cc855f8a7b8d8.jpg,640,640,ship,45,199,625,519
381233_jpg.rf.8dd061164d6d7b0cb0cd13ddfb37c29c.jpg,640,640,ship,106,275,479,365
490102_jpg.rf.8ff7fb6a1065f267ce3217c7e6069848.jpg,640,640,ship,34,204,586,379
3032_jpg.rf.8fdf21d57ed4415eedd9430587d1c5c5.jpg,640,640,ship,36,268,566,393
428607_jpg.rf.90d93dba34c65a5ec24bc42b1cc57dee.jpg,640,640,ship,91,10,551,575
762169_jpg.rf.90966be465cab24a1c376baab04f4fc0.jpg,640,640,ship,169,158,506,583
716975_jpg.rf.918603ae7443b048cbf769875402a51c.jpg,640,640,ship,32,125,580,330
222821_jpg.rf.90ad6188b28cd02baeb7aab926519fc0.jpg,640,640,ship,17,254,625,431
887916_jpg.rf.904099b5f5c3ba76553d01b044b7fc5c.jpg,640,640,ship,21,282,609,357
749540_jpg.rf.91783eb8da77d1ca203dcdbad41944c8.jpg,640,640,ship,50,233,588,395
310500_jpg.rf.91b11083fdfa3110cf5f18690314471e.jpg,640,640,ship,21,264,621,456
616130_jpg.rf.94271a4e9fd703a3317b1bc96fc6e64f.jpg,640,640,ship,53,210,608,398
135377_jpg.rf.9217c305a4b6cf5fe956d65f2161c759.jpg,640,640,ship,26,251,604,369
425830_jpg.rf.949609ccd8d5a775996bf186246aeceb.jpg,640,640,ship,34,237,614,415
446147_jpg.rf.92128300b27377bca6d77283c83825ad.jpg,640,640,ship,55,243,590,393
446733_jpg.rf.91de3c0a3734367970aa007f20267d33.jpg,640,640,ship,37,276,602,389
665955_jpg.rf.951c1572b2f384539e4716020ed7af82.jpg,640,640,ship,115,111,397,504
454791_jpg.rf.953c04b2c7cfc04958045ad2a1681644.jpg,640,640,ship,114,215,601,345
382295_jpg.rf.941b704d2dd080888de27290bc559cd1.jpg,640,640,ship,64,362,596,540
815942_jpg.rf.91ed878f14568a9b6cee7a9f987da5b1.jpg,640,640,ship,16,259,626,421
530132_jpg.rf.92f4e67b47824603abaf7ff5c94bf657.jpg,640,640,ship,30,250,618,412
375474_jpg.rf.91f35e795a7844a5d205bab79fd96aad.jpg,640,640,ship,29,220,579,415
885338_jpg.rf.930d76410a015ae00bf0fc9660ea758b.jpg,640,640,ship,39,198,596,490
564156_jpg.rf.9546c94aa2cdbc3118ec323ed7c818be.jpg,640,640,ship,24,195,569,585
170256_jpg.rf.9545c478328e75cc36cb3db46ee8bd3a.jpg,640,640,ship,18,300,628,462
192-168-0-64_01_20200908125515513_jpg.rf.96293834dec6c58100d825fd1db26097.jpg,640,640,ship,334,354,490,487
412887_jpg.rf.962f61d4ae8c127a27752a71eed49a17.jpg,640,640,ship,108,174,580,464
382596_jpg.rf.96820331dbaf5bef9da05d0f9ece87f1.jpg,640,640,ship,9,225,594,507
765438_jpg.rf.965f3360147bed8821230092c8f2fc3d.jpg,640,640,ship,233,113,548,558
442414_jpg.rf.96a46ec496af97c1a86996c936c6961f.jpg,640,640,ship,58,189,633,456
616150_jpg.rf.98e252739f76dce8fcea57de518bd591.jpg,640,640,ship,60,247,599,452
816039_jpg.rf.9907dc6c6ca8f4cbec43f8de6ae11589.jpg,640,640,ship,57,188,582,388
864163_jpg.rf.96615c43665cf911869762a8b07678df.jpg,640,640,ship,3,169,615,364
664357_jpg.rf.98328acacb1f1347433d61257e7c7bd3.jpg,640,640,ship,206,214,574,526
554834_jpg.rf.974e1145f16b69453f4833b32ef0d08d.jpg,640,640,ship,82,266,577,426
722019_jpg.rf.9855e8cead6b5fa3e9bab3bdd5bd67a2.jpg,640,640,ship,24,239,604,444
826185_jpg.rf.9af04848fa3f635bfd656f0daaffef54.jpg,640,640,ship,30,259,625,396
671473_jpg.rf.9a17d3c700beb1d79e8c96c27b307a80.jpg,640,640,ship,84,265,586,433
27509_jpg.rf.965235d3205dc1b21fd969bd33bef49a.jpg,640,640,ship,106,132,526,417
280258_jpg.rf.98bfdb700902d6c08b2e5034a88e9a9b.jpg,640,640,ship,20,155,628,390
765931_jpg.rf.9b309da1eec3d895786c85e65696b5d9.jpg,640,640,ship,36,126,616,466
225234_jpg.rf.9be285529def260f69777cbc0b0a32c8.jpg,640,640,ship,116,155,584,447
895380_jpg.rf.978f93cb78abcd8582721b933d4a626f.jpg,640,640,ship,25,220,610,398
829660_jpg.rf.9bf239df7c55481626400d22d9aa7798.jpg,640,640,ship,35,178,625,480
700736_jpg.rf.9a3391be1e38965c952459b11e093d0b.jpg,640,640,ship,58,127,603,422
529548_jpg.rf.000a997fce7e2cb88e22827481625d86.jpg,640,640,ship,71,166,599,326
52872_jpg.rf.0047feaba6eef72b24287069e93866bb.jpg,640,640,ship,32,325,620,410
741808_jpg.rf.0067d86fbc6564061a17d1fe9558f403.jpg,640,640,ship,85,221,565,359
680926_jpg.rf.001f8259d8188894e4b5c76178e6fb71.jpg,640,640,ship,104,365,636,495
823870_jpg.rf.00917f8777f11a76db317fba36b6037b.jpg,640,640,ship,41,190,609,415
49358_jpg.rf.00ee3974a4a4debc4661bdc6038e2eb7.jpg,640,640,ship,66,329,574,454
734990_jpg.rf.00b57c36e6524d334d961a82c33929d9.jpg,640,640,ship,87,299,555,389
688354_jpg.rf.01dff5df5b50551abf2f9ff237daba0b.jpg,640,640,ship,199,185,419,417
551110_jpg.rf.0124609c5c29bc0a9b4ce3de926292e2.jpg,640,640,ship,34,144,616,469
873701_jpg.rf.016629f95a0a6767c6d28de4ac85698a.jpg,640,640,ship,40,121,582,451
11322_jpg.rf.02e3b0326ffe884f8bdcf365bcd51d9e.jpg,640,640,ship,19,175,561,425
606841_jpg.rf.0117fd99957d882b706ff9ab85868c5e.jpg,640,640,ship,5,229,623,499
192-168-0-64_01_2020080708011583_jpg.rf.036ed5ac6c4e455b812e10b7ba473bad.jpg,640,640,ship,235,202,360,294
389824_jpg.rf.043ec5bea6424def61bebfac2ec344f4.jpg,640,640,ship,24,132,626,600
97178_jpg.rf.04e83bc8895a2ec0239e546f3f9033c9.jpg,640,640,ship,13,136,573,476
192-168-0-64_01_20200908125454293_jpg.rf.0455f0b4d5efcaaa954a1a60c3132200.jpg,640,640,ship,342,336,427,404
746219_jpg.rf.0203a3540ec3baa68b31bdc43ca009b5.jpg,640,640,ship,44,89,629,466
165110_jpg.rf.0349cd8e3622d864f6c7195933694698.jpg,640,640,ship,131,244,594,544
885586_jpg.rf.0563c90d9ce49396cd963fb9af106718.jpg,640,640,ship,36,398,546,530
601902_jpg.rf.05131604d31efcf5b007fdd33a6e9f09.jpg,640,640,ship,64,172,586,467
582012_jpg.rf.0550b8405adac8cde2b722a6657af82a.jpg,640,640,ship,14,306,626,456
523201_jpg.rf.05976d01160734004fb58ed9739faceb.jpg,640,640,ship,33,319,633,511
843893_jpg.rf.02f3f402b96afae15aa65555e7b8e267.jpg,640,640,ship,121,173,474,623
364042_jpg.rf.058164dc409e30a7ab096b2fdce02c60.jpg,640,640,ship,43,91,573,509
214627_jpg.rf.01806d833a5c100b813abedc3c9599b0.jpg,640,640,ship,17,189,592,349
63126_jpg.rf.05f2281be4267b6fd0dff69f2272d770.jpg,640,640,ship,40,178,448,348
824441_jpg.rf.066702699963a5302997ef7fb4c0ed5a.jpg,640,640,ship,24,55,621,500
789825_jpg.rf.08f5580558dd1aa9c7345efd39e92f62.jpg,640,640,ship,45,270,613,450
228976_jpg.rf.09276f4a29de71601833d5c148564567.jpg,640,640,ship,50,231,608,389
11478_jpg.rf.0662bfed44f97b67b68768169a6e58dc.jpg,640,640,ship,101,241,561,441
411534_jpg.rf.0630027a6a44c155e4c33c4119188ef8.jpg,640,640,ship,147,300,492,460
305035_jpg.rf.087a1bde73ea79ec9e4b873d71e71e44.jpg,640,640,ship,20,79,600,446
307548_jpg.rf.080cac0ad31792936ff3dc2d23fa791d.jpg,640,640,ship,52,34,570,574
688186_jpg.rf.0a4434b73650fee9f3a04d0b18b1aebf.jpg,640,640,ship,30,155,602,380
407928_jpg.rf.0acfb0cfe4bd90d8cf123381a10017cb.jpg,640,640,ship,49,228,549,388
648364_jpg.rf.077e0ba220f1d2183a590af759a30fb6.jpg,640,640,ship,37,302,615,497
432951_jpg.rf.0ad77cdf69603117e59e0e6581ca0e64.jpg,640,640,ship,20,150,612,378
614850_jpg.rf.0b5833779b2d236fec5d66e82c22b44a.jpg,640,640,ship,52,203,617,525
833248_jpg.rf.0ad92adbfd88d1b80de118367560f26c.jpg,640,640,ship,40,284,215,316
23894_jpg.rf.0693df6d2edb6f2323ff811781f1de6e.jpg,640,640,ship,42,174,587,426
189133_jpg.rf.09f487513b5f90ba96636bf9f0418e31.jpg,640,640,ship,26,219,636,459
609780_jpg.rf.0b14105b69c90c5445b33351327f60a9.jpg,640,640,ship,12,184,630,444
783722_jpg.rf.0ba972ef9feb7a2292317efcbc4e5c3d.jpg,640,640,ship,144,152,529,520
558487_jpg.rf.075064c670f9a644af3e6234f3bd1e8c.jpg,640,640,ship,19,293,621,463
759328_jpg.rf.08ba5769f8c409e96ead20e5fc59df70.jpg,640,640,ship,29,214,586,476
747156_jpg.rf.07f472247bc1ff5c4df4bb18a7aab223.jpg,640,640,ship,24,274,621,401
753860_jpg.rf.09bfa76777c5698cfe825e2e0f776f69.jpg,640,640,ship,132,165,577,433
186270_jpg.rf.0bcdb32c28096c7a4259418d13f32699.jpg,640,640,ship,95,224,633,401
864034_jpg.rf.0bc924ab2e99e4a6d46146bcb6a9b3d0.jpg,640,640,ship,39,281,614,409
833239_jpg.rf.0c8ad82ce4fdc4a104c7a3a371b0be57.jpg,640,640,ship,9,233,611,438
703629_jpg.rf.0d09122980ca9f06becf29edb13398bb.jpg,640,640,ship,120,143,488,525
726888_jpg.rf.0e26cde3aaa8b293e009edf6cb1f50e0.jpg,640,640,ship,173,43,458,583
202872_jpg.rf.0fafb91e94f880dfc5c70cac4312c6bb.jpg,640,640,ship,24,224,621,386
292459_jpg.rf.0f1eacb1ad79e7b9cf6af44ccc250034.jpg,640,640,ship,21,274,624,419
520914_jpg.rf.0f0037a422a006dbbfb10653899bb8f2.jpg,640,640,ship,43,151,625,414
833245_jpg.rf.0b8ced5d437b12f142a8a00601f458d6.jpg,640,640,ship,28,246,623,419
322391_jpg.rf.0dbc032253edbcd3dc1b90994be74c9e.jpg,640,640,ship,39,246,604,364
199760_jpg.rf.0e3cb3eb32e7993bab9d5a8039116ed2.jpg,640,640,ship,31,367,611,472
720090_jpg.rf.0d652eb1f46b1941bc5973d43d4b8bdf.jpg,640,640,ship,75,196,533,389
855914_jpg.rf.0f53a286edc306bb90365f0713afe446.jpg,640,640,ship,65,197,567,365
851204_jpg.rf.103e6b61167e6084bea333584af29589.jpg,640,640,ship,143,230,578,535
392505_jpg.rf.103535dab91ce17fed9e2f61f547a909.jpg,640,640,ship,46,289,616,366
488549_jpg.rf.10e7576965d71af650e39f59db2d329f.jpg,640,640,ship,40,265,605,453
878341_jpg.rf.112b3b4d0c7e3dcd54d6e0124da6bb04.jpg,640,640,ship,33,318,618,440
25019_jpg.rf.0f2d438b3dea3e403e12b019a8bf13bf.jpg,640,640,ship,48,129,613,426
716992_jpg.rf.10893055849fd2bfc021be450ca9eae2.jpg,640,640,ship,66,275,606,413
763729_jpg.rf.11615a6f6db19784d37ac53154dbd0c2.jpg,640,640,ship,154,320,406,445
394047_jpg.rf.1067f8cc9ed3aedda25ebfca330abe8a.jpg,640,640,ship,53,169,608,434
192-168-0-64_01_20200908125511514_jpg.rf.10468b070039aaa07cad32be75a4dd08.jpg,640,640,ship,267,369,362,471
583610_jpg.rf.1168321af34f429e3cbba27339398226.jpg,640,640,ship,54,352,594,500
785089_jpg.rf.117e50adc4508d18e191987ccdecb1ef.jpg,640,640,ship,27,198,612,498
192994_jpg.rf.1214a524deb30d678cddce8a335bf210.jpg,640,640,ship,15,213,607,378
848994_jpg.rf.119df052801d4ce700dc96133a2e3fc2.jpg,640,640,ship,170,195,512,443
41733_jpg.rf.11cecccb197ead98a7c0364f69ca0a38.jpg,640,640,ship,48,223,580,413
807356_jpg.rf.145e4997cfc0a0d67e5b5ce9a920f171.jpg,640,640,ship,11,165,619,437
419777_jpg.rf.135b4da963f2cc55aef2ca60b969fd75.jpg,640,640,ship,3,263,635,423
376824_jpg.rf.135e18fd3229e07f468fd1442e26c07c.jpg,640,640,ship,112,189,550,354
221909_jpg.rf.1472055798af79f42e7a4dd47722ef3c.jpg,640,640,ship,111,126,601,426
717419_jpg.rf.11a0d1c16959ec470cec25d6e09859f3.jpg,640,640,ship,18,271,613,471
643658_jpg.rf.1363fe83588a5a7dd46f89075f764292.jpg,640,640,ship,39,193,614,453
108576_jpg.rf.1526f0ca19d14d8c059a3adeba19c118.jpg,640,640,ship,18,165,628,435
835760_jpg.rf.13336b4863ea9b109a0143b45b3d9fc4.jpg,640,640,ship,33,135,635,315
295358_jpg.rf.149b2952b5a28b979de01b10e5525ee9.jpg,640,640,ship,25,142,600,527
370867_jpg.rf.144b205e004360796e309bcbc7f05fbb.jpg,640,640,ship,108,188,543,420
329888_jpg.rf.12c6cc7d7422e025fb2203e4a1c575e7.jpg,640,640,ship,73,245,603,555
529775_jpg.rf.145531eca3c80c500c6dc851a9b073cc.jpg,640,640,ship,21,243,614,373
12168_jpg.rf.154acb464f3a1dbb5fdc87fcb986331b.jpg,640,640,ship,42,271,560,459
762560_jpg.rf.148809f0cfa295f027c0d4cb69aa77c7.jpg,640,640,ship,197,94,472,596
522730_jpg.rf.153460196301909ba3d4c81d2935a526.jpg,640,640,ship,149,169,496,606
739952_jpg.rf.138bc34fd66d9297d9719f15492a1312.jpg,640,640,ship,29,186,619,599
766130_jpg.rf.1556921c9c6dfb0b7c242004a2df9ce8.jpg,640,640,ship,24,197,611,425
657635_jpg.rf.0ff08dc28bfb117050949ba369718fda.jpg,640,640,ship,70,175,615,390
718089_jpg.rf.1592407206e04a7272b02917077be088.jpg,640,640,ship,110,115,572,595
378418_jpg.rf.15598726bb8eeba559eb5949952d3e65.jpg,640,640,ship,9,274,629,456
844731_jpg.rf.15e8b0e255d58439bb4becc968581845.jpg,640,640,ship,129,187,526,582
439497_jpg.rf.15ba4c53170449c269920f278ec512fd.jpg,640,640,ship,162,373,470,503
516633_jpg.rf.15fa25ba8050ab4851904ef02612e2de.jpg,640,640,ship,34,202,589,427
11942_jpg.rf.17a4ff022fe038b95153d1c157e44f95.jpg,640,640,ship,200,399,505,493
53117_jpg.rf.17f39d1a57a9eefbc358d5882621b607.jpg,640,640,ship,147,289,565,436
516434_jpg.rf.1705b860889da7154164fe4f0cbd91b0.jpg,640,640,ship,31,251,391,381
873773_jpg.rf.17b111dcdf3de778303e7f3cbdc11ad9.jpg,640,640,ship,44,112,611,450
224208_jpg.rf.193b9cbcb52b0c9095454b6b03172669.jpg,640,640,ship,26,238,624,448
48169_jpg.rf.1a26162751bf149487b83e8f01d0e291.jpg,640,640,ship,33,61,608,371
189768_jpg.rf.193f23253bd51b7a79aa5a2c625df9cc.jpg,640,640,ship,5,279,633,446
369781_jpg.rf.1a61a7317e9fb8d12b97ff54d235626e.jpg,640,640,ship,24,362,619,437
788983_jpg.rf.1adbfb28e9104f9d4349f0e547a296b2.jpg,640,640,ship,41,369,614,434
875139_jpg.rf.16a0542798b70c9888eb8d3fa37ee68e.jpg,640,640,ship,40,185,610,507
192-168-0-64_01_20200727115600898_jpg.rf.17b58082ab35d012770802fa4a8a681e.jpg,640,640,ship,112,288,234,360
192-168-0-64_01_20200727115600898_jpg.rf.17b58082ab35d012770802fa4a8a681e.jpg,640,640,ship,281,465,551,577
192-168-0-64_01_20200727115600898_jpg.rf.17b58082ab35d012770802fa4a8a681e.jpg,640,640,ship,378,513,640,625
192-168-0-64_01_20200908141943200_jpg.rf.1b771f1b71ae65a8d9b263ecd37a32a2.jpg,640,640,ship,114,441,292,552
176793_jpg.rf.1b9733dc351c822f4502d9ebc443c265.jpg,640,640,ship,69,397,551,512
697387_jpg.rf.1b6ae69e1f3ec9b0c5b1121a84d280c2.jpg,640,640,ship,2,264,597,619
460640_jpg.rf.1c3d919091bdf43fc6473e770e8591a6.jpg,640,640,ship,30,224,620,419
6397_jpg.rf.1f331926ba623c73ca978ad4ea0d5c5a.jpg,640,640,ship,164,108,586,383
813121_jpg.rf.1bd7156524397a0d5c842887e928b5ff.jpg,640,640,ship,36,277,629,505
889858_jpg.rf.1bf4a88deffce71f791bd238aee9fed8.jpg,640,640,ship,55,190,570,430
291628_jpg.rf.1b2f6a6709da466b87592f96a0ebc6b7.jpg,640,640,ship,31,281,534,524
257662_jpg.rf.1d82a0e866dfe5db410910162e103006.jpg,640,640,ship,25,253,617,403
325889_jpg.rf.1af028ebcbb6d1dede794e7c4882bca9.jpg,640,640,ship,19,343,624,433
740582_jpg.rf.1b37c694536dadba30a8cdf0147c349c.jpg,640,640,ship,71,287,539,362
840897_jpg.rf.1d9bd95e3b0e59478d7fd6262185ac66.jpg,640,640,ship,9,221,631,391
430356_jpg.rf.1ea5769e99eed2e14c1fe79a714786d4.jpg,640,640,ship,46,187,619,495
855105_jpg.rf.1e391cdbe2062cd9c75d2124dc5cc9f9.jpg,640,640,ship,105,268,523,410
654047_jpg.rf.1ea60302f639308caad3e427e3e14312.jpg,640,640,ship,228,106,540,434
192-168-0-64_01_20200908125516707_jpg.rf.1ec030abf2a04f7aea6ab4e8e675ebe3.jpg,640,640,ship,389,352,571,497
664056_jpg.rf.1f7270513c899fcba141b18b6e563d3d.jpg,640,640,ship,39,210,589,402
222718_jpg.rf.1e0d92d1157dd54819c6e6cba3d7b4e2.jpg,640,640,ship,84,196,554,519
637944_jpg.rf.1f8f8bd2a2f60506e998e2dcf92ed359.jpg,640,640,ship,42,273,597,523
334434_jpg.rf.1f91d80f854a17aec662e02acfc1c18f.jpg,640,640,ship,48,177,523,412
107540_jpg.rf.1f240abeda1129bcce7715e45ac7eb4b.jpg,640,640,ship,52,311,597,411
114944_jpg.rf.1fc50f6c1e25c66b527f2d52fab53aa5.jpg,640,640,ship,68,158,433,473
504250_jpg.rf.20156c09915e44826fd67fff389b07fd.jpg,640,640,ship,54,240,484,542
571126_jpg.rf.2006fb54d82ed05520a70c9b0960f82b.jpg,640,640,ship,197,220,562,480
446072_jpg.rf.20ab3aa82ac0d9474af07736ec27f095.jpg,640,640,ship,89,118,396,428
23468_jpg.rf.204dc5fcceb3c20a56143eb415ae028e.jpg,640,640,ship,27,180,612,390
494900_jpg.rf.204486f0a70cd9bae9a7950744800497.jpg,640,640,ship,86,52,626,467
379583_jpg.rf.216e00b5fb4cc81bde38132054419565.jpg,640,640,ship,75,326,525,439
232138_jpg.rf.20af8e36fb8ab21fcc5beeeb35e5971c.jpg,640,640,ship,96,160,624,585
406865_jpg.rf.209f35b5c738c17b2e28061d2b38889f.jpg,640,640,ship,59,283,616,443
15738_jpg.rf.21e2edf9b7c62b59e6209388e741b52f.jpg,640,640,ship,98,161,610,384
192-168-0-64_01_20200908141932468_jpg.rf.221ec660711c45eca1c2bdf439424ab9.jpg,640,640,ship,302,447,434,536
851676_jpg.rf.21d211b9eed7f828200457d7a90fc9ff.jpg,640,640,ship,18,230,610,400
771638_jpg.rf.232317a7d526c6994892deeba2a26d20.jpg,640,640,ship,25,355,623,450
835698_jpg.rf.22aa846854f40464e16efb81541f3f86.jpg,640,640,ship,98,164,573,404
37906_jpg.rf.1fad1068d1d8998a768e5dbccc1673b2.jpg,640,640,ship,177,65,545,520
475078_jpg.rf.22ad663a9e7fe63a08d237527a016d32.jpg,640,640,ship,50,329,605,444
135136_jpg.rf.23597d8800dc088881d8660c5d78f3a4.jpg,640,640,ship,28,135,610,485
601046_jpg.rf.23fb6bcb1338387f753614e00316dab9.jpg,640,640,ship,102,194,517,406
20413_jpg.rf.24091c8dc7a7266db8bc27e1195c804a.jpg,640,640,ship,75,173,587,385
211549_jpg.rf.24c006277ea2d91dd8795acb78ad67fc.jpg,640,640,ship,58,277,570,465
636088_jpg.rf.23c335b76807c1820d9cd9469b4f52bd.jpg,640,640,ship,31,355,591,433
295988_jpg.rf.24c7777eb85c278fd6d1e2ef7e8159c2.jpg,640,640,ship,16,289,616,451
448247_jpg.rf.23c858e53e78c1a2d5fef8788b317af0.jpg,640,640,ship,64,260,636,515
873871_jpg.rf.243a9b2c85a7151827197faed51139b3.jpg,640,640,ship,64,216,591,454
115876_jpg.rf.267b055c5a94e7ccb189cdc9ba42dd0d.jpg,640,640,ship,158,111,398,461
819781_jpg.rf.25cfea66610a38e32b19cddfd2e90a96.jpg,640,640,ship,43,224,625,341
5017_jpg.rf.25b864a04b3f79d640711c55572255d1.jpg,640,640,ship,18,90,618,525
197342_jpg.rf.26c1d4318948d2ce301a7b5240693b91.jpg,640,640,ship,25,243,620,473
214419_jpg.rf.2614478b853f51d356202ef05caa27b4.jpg,640,640,ship,105,174,593,459
890145_jpg.rf.2494722667278f121ef0f756a4415039.jpg,640,640,ship,81,255,619,410
533176_jpg.rf.27b1881e7cbaa14b79113523f1e7c33a.jpg,640,640,ship,44,71,574,414
319051_jpg.rf.2770b82b32026701108189e3a56cbb66.jpg,640,640,ship,84,168,551,608
762829_jpg.rf.2786629d79cf2783fc46f3f36b4e5ebe.jpg,640,640,ship,25,159,593,464
260171_jpg.rf.2849841a49a995ac39c2275316fc99aa.jpg,640,640,ship,34,116,604,469
454467_jpg.rf.2864a1a53ce7b24c4b9ea57a5beccc05.jpg,640,640,ship,54,154,574,534
599769_jpg.rf.2866c80653cd08e5712d508da419e68f.jpg,640,640,ship,23,119,625,521
436310_jpg.rf.283a84366219a5f413af2f1883706ea5.jpg,640,640,ship,17,200,572,508
56823_jpg.rf.28ba85c1be62e51fd021601b1e0c6d8a.jpg,640,640,ship,34,250,574,458
558426_jpg.rf.278c8be7d59bd679473f999e61ba23ab.jpg,640,640,ship,37,251,615,514
73153_jpg.rf.28e04e177bec5f82e73575e6ea30db33.jpg,640,640,ship,112,273,617,565
449258_jpg.rf.28ed4d429285929fb649ccf96f903365.jpg,640,640,ship,21,238,624,503
162166_jpg.rf.291d119cc1410f995282ee9bd0344ce9.jpg,640,640,ship,15,208,633,400
851831_jpg.rf.2abc656bb53a8cbbdc9c5e934e14183a.jpg,640,640,ship,41,224,589,426
685350_jpg.rf.2a38573f9db0cb71e1a29d12a4d36d41.jpg,640,640,ship,15,290,627,462
879378_jpg.rf.2b4047725ce5cca253ca66bb1829a677.jpg,640,640,ship,68,202,628,417
802978_jpg.rf.29c4f500758fd12ab03215adcb11e5ee.jpg,640,640,ship,140,423,540,475
192-168-0-64_01_20200729175029789_jpg.rf.299e7951ae71a977e0d630287a133487.jpg,640,640,ship,228,201,396,312
192-168-0-64_01_20200809090746871_jpg.rf.2ad56b754428a37926a224036acdb9fb.jpg,640,640,ship,276,120,421,358
192-168-0-64_01_20200809090746871_jpg.rf.2ad56b754428a37926a224036acdb9fb.jpg,640,640,ship,571,229,589,249
388470_jpg.rf.2d196d888100ad627dc2627f66a74e65.jpg,640,640,ship,290,124,590,411
505212_jpg.rf.2b828cb49bef967eadaa4a5b0006d137.jpg,640,640,ship,19,167,624,522
127521_jpg.rf.29ee2598cfce946ccf12ff2c649e63b3.jpg,640,640,ship,26,207,626,422
192-168-0-64_01_20200808123914788_jpg.rf.2baa7ce66ec86d7d84449f6dfa460c25.jpg,640,640,ship,242,71,333,170
overlaid_2014-08-01-14-40_00210-eo_img0_00270_1406929051103090_png_jpg.rf.2baedf6ed49e10d6340d65e51767c566.jpg,640,640,ship,0,226,639,561
791732_jpg.rf.2be5ea2f4a6b90059cfa23532d0b0c2d.jpg,640,640,ship,49,164,581,546
216791_jpg.rf.2ddb1f643c3f1f21acc3b46f25d52d66.jpg,640,640,ship,79,225,519,517
653784_jpg.rf.2d4f6a4ae4fbec12c81a45819dc11158.jpg,640,640,ship,164,235,424,437
274366_jpg.rf.2d10f9a670ef7f5ac4e6c167cff131a7.jpg,640,640,ship,48,268,613,488
832726_jpg.rf.2defac34fff9e16868aa43f520d08a0c.jpg,640,640,ship,66,347,579,455
582454_jpg.rf.2d7236c01d4b80be774a58f75e1d5853.jpg,640,640,ship,176,260,486,490
90446_jpg.rf.2dfb3c5d624271cd94ceb36cd3bdc166.jpg,640,640,ship,55,261,557,419
740583_jpg.rf.2c0a1d51fc3d14baa5ea0138cc494a9b.jpg,640,640,ship,32,85,420,513
102459_jpg.rf.2e1f3108688a6e756af7b129904c179a.jpg,640,640,ship,18,188,610,443
1837_jpg.rf.310662586ba760625c9ea4c416572051.jpg,640,640,ship,25,254,632,446
613041_jpg.rf.2f9053ba73c19575704b4ceaaf6c7a9e.jpg,640,640,ship,161,164,484,531
786336_jpg.rf.30e63d994a427506ef0e911f97771894.jpg,640,640,ship,39,225,601,407
635657_jpg.rf.32dc23277ee70da20e1aaf7ec61dec8d.jpg,640,640,ship,63,167,583,445
192-168-0-64_01_20200720111423272_jpg.rf.308abe4c56ec36782350aa00038a8d5f.jpg,640,640,ship,112,331,388,462
192-168-0-64_01_20200720111423272_jpg.rf.308abe4c56ec36782350aa00038a8d5f.jpg,640,640,ship,390,418,434,434
192-168-0-64_01_20200720111423272_jpg.rf.308abe4c56ec36782350aa00038a8d5f.jpg,640,640,ship,109,413,142,436
313042_jpg.rf.2fdfc95fca4591dd6232dfa3312f8878.jpg,640,640,ship,22,230,540,410
591887_jpg.rf.329c349a2a24d11bff41b7f7acc52445.jpg,640,640,ship,43,268,618,473
233999_jpg.rf.2edd19de57a5a7f2f5394049dbb9ad93.jpg,640,640,ship,47,264,585,471
838884_jpg.rf.319cd492753157273bc3d5f2d4fe56a5.jpg,640,640,ship,54,125,586,427
595599_jpg.rf.3199b380ed603055669993e44dd7dc44.jpg,640,640,ship,53,119,603,419
766213_jpg.rf.32821573792ba2badb40e369cfc3b964.jpg,640,640,ship,82,340,467,415
442477_jpg.rf.328cc2e7bee557fc5d3350fc4ac556cb.jpg,640,640,ship,36,226,594,436
550021_jpg.rf.32ffbfb97cc30581468998ed74fb6531.jpg,640,640,ship,40,343,630,435
550077_jpg.rf.3102004ca78bd50982698c0bd037690b.jpg,640,640,ship,53,311,593,451
504319_jpg.rf.32415d4fd39ca42fcc570d455d75e2c5.jpg,640,640,ship,48,236,580,406
504439_jpg.rf.330508921a00a6f9e52925d42df2bea2.jpg,640,640,ship,45,305,610,527
356415_jpg.rf.34ad2a0ad849d1332c1905ef76e7b80a.jpg,640,640,ship,53,175,588,417
703872_jpg.rf.346268164f2c793cabeb93c1995ae0a4.jpg,640,640,ship,80,111,562,324
70820_jpg.rf.34bfef602c2e6bb18562cffec7ccc43e.jpg,640,640,ship,14,239,634,464
673657_jpg.rf.3649421eee370285be31c96011761b77.jpg,640,640,ship,30,288,602,500
698491_jpg.rf.34dbef93b993e727e58ceba7dd853014.jpg,640,640,ship,113,196,543,476
886614_jpg.rf.33d80ba159718aa9ce9a4eb94db02b93.jpg,640,640,ship,15,436,620,574
18865_jpg.rf.35f75f37f7c91c85ce7030380e412044.jpg,640,640,ship,49,148,581,358
497822_jpg.rf.346cd5c29fb5817db17bbdd4072bf49d.jpg,640,640,ship,393,147,565,435
192-168-0-64_01_20200727102730618_jpg.rf.3456ebe0e2a32cecc2fe0ec309741b69.jpg,640,640,ship,278,318,352,558
826650_jpg.rf.366d8ab6d878978771c1eaae2c566968.jpg,640,640,ship,43,198,628,410
878673_jpg.rf.350aaf5705ce260d7f36fea0be002ba4.jpg,640,640,ship,23,310,615,422
874528_jpg.rf.36618910c827d8d35d285f2da798d26c.jpg,640,640,ship,15,221,607,394
760704_jpg.rf.387114f019f5d9aadd1eb723b645412c.jpg,640,640,ship,12,200,630,425
237447_jpg.rf.36cf203b5df5a4536fdef808373ffad6.jpg,640,640,ship,23,238,623,388
837727_jpg.rf.37e3890cb0d0d71d2b7270ffc277e8c6.jpg,640,640,ship,14,284,619,524
316020_jpg.rf.38571e9b5b868b88712f8342c6f5de89.jpg,640,640,ship,12,305,600,463
687580_jpg.rf.37cc5e03c5c97c08019c753674475a52.jpg,640,640,ship,37,288,612,568
192-168-0-64_01_2020072011150379_jpg.rf.39544cd05e02a8d5d5de0f54061bb880.jpg,640,640,ship,45,392,85,414
192-168-0-64_01_2020072011150379_jpg.rf.39544cd05e02a8d5d5de0f54061bb880.jpg,640,640,ship,416,412,518,457
597114_jpg.rf.397ccd93df5c0822161f7e2e501dbfc3.jpg,640,640,ship,18,144,630,394
776869_jpg.rf.39f336626b956b396a8f143f9d89e4fa.jpg,640,640,ship,29,328,609,443
268429_jpg.rf.3a80587b21bea574afab7c907274f62f.jpg,640,640,ship,21,104,594,366
620276_jpg.rf.3a672942ee5d7059914b1d47dc93ac47.jpg,640,640,ship,119,203,534,428
480215_jpg.rf.398defcf787cd5c6a13dfd1bf959d661.jpg,640,640,ship,56,142,569,407
192-168-0-64_01_20200807075711894_jpg.rf.3a2a5d6f4ca8f5612081f23558dd5db2.jpg,640,640,ship,119,272,296,356
368287_jpg.rf.3c32ddbb13ebec1fbd39fe6010e78623.jpg,640,640,ship,15,243,615,455
312858_jpg.rf.3b477febc4e3b7732c3c2a66ed68a0a0.jpg,640,640,ship,145,47,465,515
332174_jpg.rf.3b1298e55aa51f8fc46399bf6910e047.jpg,640,640,ship,44,133,626,533
581435_jpg.rf.3cb164467b36dffd24d7d16bc46ceee0.jpg,640,640,ship,15,214,617,466
534055_jpg.rf.3b4a8ba86597f8b2eb4f3abde22b1d2e.jpg,640,640,ship,16,359,624,529
27873_jpg.rf.3aec59cfad806f13ea840ab8ad86a538.jpg,640,640,ship,45,179,615,446
566396_jpg.rf.3cdc602259ee6d50b3fc4eebd49a1475.jpg,640,640,ship,35,129,617,531
654945_jpg.rf.3cb9e32e9407979d3825330671cc34eb.jpg,640,640,ship,26,221,629,484
672747_jpg.rf.3c38e234d4f0695e705792e502c741d3.jpg,640,640,ship,16,219,614,509
830641_jpg.rf.3a03ff26b90c0302f51a278bc1d1db46.jpg,640,640,ship,75,288,555,458
398139_jpg.rf.3c11eb66224d820762f2fdb73f3f94cd.jpg,640,640,ship,22,198,610,420
406946_jpg.rf.3ce9af39f8da6b36cc85b1d15662fdfa.jpg,640,640,ship,24,244,616,421
747189_jpg.rf.3b68ba0e40f411875f3f7f92042c4ffc.jpg,640,640,ship,38,215,620,383
755309_jpg.rf.3d0deb8ebc82d9c40c138a2689aef80b.jpg,640,640,ship,39,86,601,479
472392_jpg.rf.3dcd98b49a51e605c08d5b1b9431700f.jpg,640,640,ship,71,81,469,479
735868_jpg.rf.3d607499f6f66a8e34c682a368a7d1e6.jpg,640,640,ship,88,234,553,476
772953_jpg.rf.413f4fa06ddb1a88f943c9d2f428f309.jpg,640,640,ship,162,145,500,403
416709_jpg.rf.3e061165fa97d6280ce9f76df06d3e33.jpg,640,640,ship,55,242,583,437
220909_jpg.rf.3f2b0adee2aaa3903fe4753a39a09bf8.jpg,640,640,ship,45,293,585,478
327561_jpg.rf.3e0a404ada3a8d6c9d652ba74c5c37af.jpg,640,640,ship,41,126,604,536
596872_jpg.rf.3f3d329851bae5bc8daef7bede383cfb.jpg,640,640,ship,13,305,628,510
562612_jpg.rf.3f8593ad9023b181044f347b8219e10c.jpg,640,640,ship,37,313,615,388
675868_jpg.rf.40681e624d162e20a1c363f4f21669ee.jpg,640,640,ship,33,128,618,528
283284_jpg.rf.3fd20809bd05e032f132271183932b5c.jpg,640,640,ship,38,308,598,403
253984_jpg.rf.3e6e163376c49a15dbcebfac428ea885.jpg,640,640,ship,39,234,281,381
607578_jpg.rf.3e17d80e9efbffdd51ad5110a53dff0c.jpg,640,640,ship,61,232,564,527
413903_jpg.rf.3fe2fd9511379fc36ade51839760284c.jpg,640,640,ship,143,320,528,592
877818_jpg.rf.40103ba330d2c5824c371e4b8b74124b.jpg,640,640,ship,35,227,573,422
687034_jpg.rf.3e2ac3fe8754e42f4a5e5357b8e34ca1.jpg,640,640,ship,184,43,461,608
137554_jpg.rf.3d423968cc8ef125f2beadc68dade323.jpg,640,640,ship,16,155,616,327
896490_jpg.rf.41ccac0953479c0962ee9abf1232c994.jpg,640,640,ship,93,143,518,428
371305_jpg.rf.42b312bfb859f2ecadc37749a4815590.jpg,640,640,ship,34,237,599,405
480743_jpg.rf.41ed77ae95a75e5b063f24298a0c1bd2.jpg,640,640,ship,33,213,613,408
445840_jpg.rf.42a6b79f927a1c6dd17722b71fdacb62.jpg,640,640,ship,16,225,606,400
124883_jpg.rf.4330b10f52d5218376f4e5bd42bf857b.jpg,640,640,ship,64,360,511,442
167245_jpg.rf.41eac2ad2f28e9794d2ba9663ba30f54.jpg,640,640,ship,50,222,600,437
406175_jpg.rf.439631e00a06f64c9d229ef552a4fe1e.jpg,640,640,ship,28,181,623,399
98947_jpg.rf.438e05c0a5cf814bc693330ff13d4096.jpg,640,640,ship,191,26,439,579
509091_jpg.rf.44e41ce291d234dd01b98dec59550d26.jpg,640,640,ship,35,327,625,515
421186_jpg.rf.4487a22221fb011a9bcf6f2fdc8304a6.jpg,640,640,ship,38,135,598,455
663036_jpg.rf.454f404261f20fba748fad08f1929e19.jpg,640,640,ship,33,156,583,519
175036_jpg.rf.4444cf50683c510e9360455eac33ab70.jpg,640,640,ship,24,153,621,328
492470_jpg.rf.44f97e87e6c9bb56ab01532f9ba28bbe.jpg,640,640,ship,49,195,611,415
45382_jpg.rf.4375c93f3324bd0b3b770059bdc40337.jpg,640,640,ship,81,69,539,499
245058_jpg.rf.43fecc90eabff31a9a4a9b424e5aaf03.jpg,640,640,ship,9,191,601,444
871515_jpg.rf.467f51130e7189d5e3805da8690e6ac8.jpg,640,640,ship,15,200,630,465
254401_jpg.rf.45fee8363ae2e3fa875268608a272d61.jpg,640,640,ship,93,242,535,540
495590_jpg.rf.4413282df17ea19601358fc726064a6c.jpg,640,640,ship,39,277,586,532
783895_jpg.rf.44df3d046acb95b6a0a00be52a205fa6.jpg,640,640,ship,39,115,616,497
84260_jpg.rf.44a3aa1679c9e0bb9a586521905b0d8c.jpg,640,640,ship,129,116,524,324
50101_jpg.rf.454a4254e71887578b9d96e1d7038078.jpg,640,640,ship,64,229,571,396
747786_jpg.rf.9c1599461e1bfb4c6ce5ccae8a0285ac.jpg,640,640,ship,110,176,532,524
705753_jpg.rf.9f54b5a13bb42efd2a0edd277d37e246.jpg,640,640,ship,45,94,597,446
476061_jpg.rf.9efa9c452176e02873d5a365a52a1528.jpg,640,640,ship,22,154,620,384
406498_jpg.rf.a06be3ddd5d0f9aab698b8be6d7dab70.jpg,640,640,ship,0,237,620,512
734348_jpg.rf.9e9035769e0590c504c7c705cef42e29.jpg,640,640,ship,19,295,584,380
222717_jpg.rf.a09884621e8c40212011d2f57d85abc1.jpg,640,640,ship,31,105,571,457
515373_jpg.rf.a0a2cc45c454c5f2c6ffb1d27914efbd.jpg,640,640,ship,49,451,614,574
405930_jpg.rf.9cfd791e9b0713655a740aded52bec79.jpg,640,640,ship,38,125,590,463
739327_jpg.rf.9e2c4c409fb20e4c25663f32036791bf.jpg,640,640,ship,44,185,576,427
265107_jpg.rf.9f021201941e7fa8f3c61fa8b739b776.jpg,640,640,ship,55,254,557,424
580619_jpg.rf.9c20762bb54190fbfb44a0e297707e1f.jpg,640,640,ship,25,284,613,381
640514_jpg.rf.9d312ec25e805dcd9dd3c1f1cc6b9a52.jpg,640,640,ship,13,240,608,385
347972_jpg.rf.9d9ec20a94a9e373c78e3e1b47c6b58e.jpg,640,640,ship,131,391,579,541
806330_jpg.rf.9e344d6078c24b6c030655b01dd6778a.jpg,640,640,ship,34,204,599,506
700884_jpg.rf.a13cb1c2bf21f433a964643eed223554.jpg,640,640,ship,26,161,589,394
557044_jpg.rf.a0aa0d2b8e8edcdbd55316199c403174.jpg,640,640,ship,119,156,514,516
444217_jpg.rf.a10283eae5d6cf245c738676dbda5f90.jpg,640,640,ship,49,244,549,416
534258_jpg.rf.a1bbdb1975cbc663054bc72f5b070369.jpg,640,640,ship,82,250,517,392
805138_jpg.rf.a1b0773816fb0aa6de1e633e66965170.jpg,640,640,ship,31,114,629,464
684329_jpg.rf.a0dd28206866fc30852d0a7c21bc5c32.jpg,640,640,ship,56,270,606,415
811461_jpg.rf.a1ec733b12e0f225ad1b95da0b6cc706.jpg,640,640,ship,33,191,613,394
84193_jpg.rf.a1f8dbd7d22b83f9da82fcd7dc9eb7a8.jpg,640,640,ship,14,246,626,434
165993_jpg.rf.a1dc29ed2966d812bf6cb1b014728acc.jpg,640,640,ship,134,321,444,611
821842_jpg.rf.a1f0344284f8d7befec55e036097c0ac.jpg,640,640,ship,59,452,561,507
825849_jpg.rf.a24c90ccf03de88b2c23a388ad5ed280.jpg,640,640,ship,36,232,599,377
520919_jpg.rf.a3bf2c9b1ae2a9a8c227d489a50b3348.jpg,640,640,ship,31,130,614,400
299638_jpg.rf.a35f98c02c27aa145b5e0c54825cdb07.jpg,640,640,ship,60,304,588,421
826310_jpg.rf.a26bba83c5cd9135c543955497a33396.jpg,640,640,ship,169,80,546,470
558979_jpg.rf.a5a27c39b4e93a567ede0673e6d68b98.jpg,640,640,ship,25,215,613,440
412563_jpg.rf.a4905050cdc9f52a9e7c858027e8bcba.jpg,640,640,ship,40,178,622,550
482920_jpg.rf.a6d95589a1ddde4feca4e6c850b4ab34.jpg,640,640,ship,44,252,601,537
669989_jpg.rf.a42afce143c4f0d5fe06dec41ed4bfc4.jpg,640,640,ship,16,267,626,462
835541_jpg.rf.a3ea0f9954fbd1e35206376e28b192b2.jpg,640,640,ship,119,267,519,395
799396_jpg.rf.a6a14d17be0bd0ce24e78880f6fb9de3.jpg,640,640,ship,93,334,545,411
687110_jpg.rf.a3820d32be128b3320cb8474aa0711f9.jpg,640,640,ship,74,242,561,470
754179_jpg.rf.a50812b812b65370ed2415fa2ff6ebc1.jpg,640,640,ship,59,131,551,494
79435_jpg.rf.a707567b8b837f23bcd630ed40f309db.jpg,640,640,ship,189,75,434,407
441664_jpg.rf.a5eb502b20b6951030ebd191b8dd2f03.jpg,640,640,ship,71,199,551,416
575874_jpg.rf.a5b9ce62f5765b07c3016008dc6c3d95.jpg,640,640,ship,46,241,546,344
826965_jpg.rf.a719903a85f88948e055d1258ba240d3.jpg,640,640,ship,52,125,597,390
529376_jpg.rf.a70e0147b2f19b1e85c2f3fd3c584406.jpg,640,640,ship,40,173,618,448
181016_jpg.rf.a61edc4ff269f940321273803aa110de.jpg,640,640,ship,42,256,597,394
296296_jpg.rf.a5c140eeac59b8ccaaaea8c35e7a0fa0.jpg,640,640,ship,53,106,493,379
134067_jpg.rf.a831adaca7cf90370a9864d1d4a18813.jpg,640,640,ship,76,294,379,459
103335_jpg.rf.a659b773a1a4830946cecbd0a1d7ef90.jpg,640,640,ship,128,126,628,336
853424_jpg.rf.a20f757c4607bacf75315def1c37d157.jpg,640,640,ship,74,103,569,473
303149_jpg.rf.a8ecf996d91a1a790ca7082f0ce26952.jpg,640,640,ship,25,193,630,388
755780_jpg.rf.a86c101095f1150a7abea11e80186492.jpg,640,640,ship,105,305,545,393
632380_jpg.rf.a8f8cd3722e163d2eef97e4b8d630744.jpg,640,640,ship,55,119,635,514
33611_jpg.rf.a97b13c347c9d6cc8232bd53ae04f3a7.jpg,640,640,ship,110,201,538,394
649911_jpg.rf.a9497bd2a5b16f8f4ef8fdc92660d41b.jpg,640,640,ship,29,294,626,511
608793_jpg.rf.a983d6142bacbc1e8b6cf0c055ca4caa.jpg,640,640,ship,18,190,580,435
566927_jpg.rf.a911eb8a4244a2d6f6c7ed3bc252a311.jpg,640,640,ship,29,350,579,502
607626_jpg.rf.aaaa3a53cfbd35cff04206285a17432b.jpg,640,640,ship,22,250,617,595
657581_jpg.rf.a9a2d0dfcb18c186d6fccb7bfe37a6d8.jpg,640,640,ship,37,235,602,407
393472_jpg.rf.a9bd5d3fa7d2403811698fc968392f18.jpg,640,640,ship,38,323,558,468
319276_jpg.rf.ab450a589257597458f21506230291c6.jpg,640,640,ship,65,168,463,448
387104_jpg.rf.ab79328bd534d83bac691cd201fd80df.jpg,640,640,ship,19,294,626,399
389878_jpg.rf.abdaaded668a91d48f758c64777600f3.jpg,640,640,ship,187,254,472,616
660960_jpg.rf.ab7affdebf00cf875fc4560ca8d71fa3.jpg,640,640,ship,33,190,603,385
852984_jpg.rf.ab77132c7cda4501a79d9cb333cdde42.jpg,640,640,ship,23,296,595,394
285261_jpg.rf.abc67ea85df50ce3e2c8319c09ca62f9.jpg,640,640,ship,223,224,465,526
786504_jpg.rf.acb3439547669f8f44bca2b4e5bb1c44.jpg,640,640,ship,29,107,601,462
84356_jpg.rf.ad1a8cad2dc4253d91a37c99be31e717.jpg,640,640,ship,98,327,508,502
397526_jpg.rf.acc40ac52b065b5371ab57fc2dcdceaf.jpg,640,640,ship,88,301,583,394
205974_jpg.rf.ad54b09195146d28175cf344542d5627.jpg,640,640,ship,29,248,616,453
634279_jpg.rf.ac43d5b37ad9ab7c3a5791e68444c0e9.jpg,640,640,ship,109,39,509,576
869460_jpg.rf.adaf6f88bc62e4c48bbb1359834ad271.jpg,640,640,ship,16,212,626,510
28434_jpg.rf.aeb669333e7d35bfdb03c9a8013d9daf.jpg,640,640,ship,37,245,592,493
655969_jpg.rf.ae152420a3ab3d55ca3d6bf60f8a88ee.jpg,640,640,ship,6,159,576,326
377049_jpg.rf.ac663f52546c5d976ce4626b1dcd1f38.jpg,640,640,ship,59,172,584,480
354263_jpg.rf.ae341d2b3ab7744d002bce1cea92c296.jpg,640,640,ship,30,239,610,479
53444_jpg.rf.af12a8ded718cb3c340662a711b11338.jpg,640,640,ship,9,288,611,518
575351_jpg.rf.ae7d8b4f270954b3fa00b0fe60ba37e2.jpg,640,640,ship,26,206,594,509
877229_jpg.rf.af5b210bbd55f59ff37e2b2d478fbe45.jpg,640,640,ship,35,300,615,422
70898_jpg.rf.aed2edb16f53e7d98129ce68dba796ca.jpg,640,640,ship,93,249,573,396
84365_jpg.rf.af21a207ae7c28f49cd9ff107c445a68.jpg,640,640,ship,60,176,595,434
192-168-0-64_01_20200809090846309_jpg.rf.ae8007a2305e19ec8221ee1968e14641.jpg,640,640,ship,120,211,156,249
192-168-0-64_01_20200809090846309_jpg.rf.ae8007a2305e19ec8221ee1968e14641.jpg,640,640,ship,260,113,428,356
765954_jpg.rf.afb2eca66d5dae4071d5fa3251e45928.jpg,640,640,ship,39,204,611,541
601523_jpg.rf.afec023bde5fff73d414fb41019594c1.jpg,640,640,ship,69,76,509,534
7813_jpg.rf.b0080a049cc4b723e37ce88dee2d76a2.jpg,640,640,ship,31,219,624,426
67417_jpg.rf.b38867f428024514c7db476a59d94cd5.jpg,640,640,ship,33,231,615,404
235178_jpg.rf.b255fede5015dedc896fb7304889f7e1.jpg,640,640,ship,123,112,545,470
362614_jpg.rf.b161390d641d8ddd8044a427ba006c93.jpg,640,640,ship,104,285,546,445
476770_jpg.rf.b43ba30a194bd457553a2bab034b256c.jpg,640,640,ship,72,111,550,434
163779_jpg.rf.b35e29f514284292357653e082d4e469.jpg,640,640,ship,17,269,622,444
201588_jpg.rf.b3935395464ebbc28f5bcf3fcd15bb20.jpg,640,640,ship,144,219,551,334
65684_jpg.rf.b3a86ef8565e8af642d2a2eb98001be5.jpg,640,640,ship,89,213,496,468
606183_jpg.rf.b3e64e53d919a0dd330272d79b8c5757.jpg,640,640,ship,114,209,639,396
655513_jpg.rf.b485c8062940d91d359b0307b374d6ec.jpg,640,640,ship,54,169,599,511
279535_jpg.rf.b1322f6b7fd0c3b4fddab1473481e0d7.jpg,640,640,ship,3,214,633,464
330482_jpg.rf.b2cc2af61dbd5e173e7e3706e79f04d8.jpg,640,640,ship,45,402,623,517
528078_jpg.rf.b11f5d428890b1e01c930a81f4815f6f.jpg,640,640,ship,89,215,624,417
33063_jpg.rf.b3ce25b653566533db3123ac7cda7e08.jpg,640,640,ship,45,217,623,455
753749_jpg.rf.ad05a7db92e786cd9b90899cc3a7f1e7.jpg,640,640,ship,45,180,607,358
499372_jpg.rf.b3e300d9f06b5365ef4920c28dbb9bcc.jpg,640,640,ship,32,234,607,384
577158_jpg.rf.b52ec2c6748ae7899435edeed5bfec13.jpg,640,640,ship,11,253,599,378
73135_jpg.rf.b5cba06f16cbfd0091841a68931c69f9.jpg,640,640,ship,23,213,585,465
855489_jpg.rf.b626f6f6181d63c8ed433bd70324739d.jpg,640,640,ship,110,132,498,530
879446_jpg.rf.b5dec3db461de4b8db404f8693464634.jpg,640,640,ship,9,234,634,456
341002_jpg.rf.b5d60fda4cb0798c2f30f4a54df48f0a.jpg,640,640,ship,70,196,580,469
890004_jpg.rf.b5ae992bffe4d26d86607136d6b2ca00.jpg,640,640,ship,39,350,611,558
597763_jpg.rf.b6dd11dc26dbaee20864141d575f03ca.jpg,640,640,ship,19,164,604,576
84773_jpg.rf.b7201352eb12bece6fd6447406545fcb.jpg,640,640,ship,29,193,596,445
799636_jpg.rf.b72d62a8c1925007ce63fead327d09c5.jpg,640,640,ship,85,327,605,495
591898_jpg.rf.b6ad217562d8e6f465483067dcbcf7fc.jpg,640,640,ship,15,119,610,604
525768_jpg.rf.b74f640cb24f395a7860d341d932f31a.jpg,640,640,ship,185,117,460,405
899245_jpg.rf.b812f6bacad76b1c933651c94a50f25c.jpg,640,640,ship,9,388,629,430
224984_jpg.rf.b79a037ce54f1cd4a1e080b0c1d0e3ad.jpg,640,640,ship,51,118,541,433
215032_jpg.rf.b76fef6ea695195aa8decc30ac4b1167.jpg,640,640,ship,35,158,593,463
534338_jpg.rf.b967298fd277f3ccadfc07a99cba1cf2.jpg,640,640,ship,145,179,520,396
704910_jpg.rf.b943267ede907aa0d81e03c03c8e49c2.jpg,640,640,ship,53,195,498,427
748256_jpg.rf.b8c1fef7efdd692a47780746286cb128.jpg,640,640,ship,66,274,556,361
684193_jpg.rf.b9ce9c0e80e1fbc18d56b12636e43d17.jpg,640,640,ship,91,170,539,445
491259_jpg.rf.bb056176551a249befc9381326b4fc0a.jpg,640,640,ship,106,235,456,360
391625_jpg.rf.b9829ee230a8e69931c1c1d26164e089.jpg,640,640,ship,100,169,558,381
125839_jpg.rf.bb5256096979d9ef1b6d1c46028dbc34.jpg,640,640,ship,50,257,425,405
466826_jpg.rf.ba1ebc3d4b4957b140dcb2b02db7210f.jpg,640,640,ship,26,252,624,367
836004_jpg.rf.baacdc1cafdaaea780b675d5221e74ed.jpg,640,640,ship,35,182,630,430
16299_jpg.rf.bbe778c23d19c21ed4ed1b56d0711399.jpg,640,640,ship,114,167,589,425
599687_jpg.rf.babc6edb9b9062e76a4609145c36fd59.jpg,640,640,ship,40,195,588,440
204208_jpg.rf.bd9fcebe261d2640fbb88230f73de669.jpg,640,640,ship,65,314,573,416
832850_jpg.rf.bce48eb6d69350f589fe56639aac9cf3.jpg,640,640,ship,9,273,631,443
614652_jpg.rf.bc210d12bd6011f71adab5435867ab04.jpg,640,640,ship,22,133,610,453
214795_jpg.rf.bbac71368631f40aa4866aeecc01f170.jpg,640,640,ship,54,95,604,397
192-168-0-64_01_20200809090844498_jpg.rf.bc1c68ddaf010627bc3622e76dbe5494.jpg,640,640,ship,121,222,154,249
192-168-0-64_01_20200809090844498_jpg.rf.bc1c68ddaf010627bc3622e76dbe5494.jpg,640,640,ship,262,111,426,360
392789_jpg.rf.be5dbaae03567147d00e2a886d715495.jpg,640,640,ship,108,97,533,585
391869_jpg.rf.bdac0513eedfcbc0bb453019cd3dd181.jpg,640,640,ship,20,215,610,460
137808_jpg.rf.bf9f1c33ee4e4acbe19405d918d998a9.jpg,640,640,ship,21,202,624,410
563521_jpg.rf.be68f1f6b91319685e445f510e1a874f.jpg,640,640,ship,117,229,402,401
277499_jpg.rf.bebc816cd54f87ef27d183e0b6e4199c.jpg,640,640,ship,54,289,584,484
226382_jpg.rf.bedb12623db895e68e391ad38d25a106.jpg,640,640,ship,3,245,633,453
439947_jpg.rf.bf87478b45366b4c2f18bb78cb3486bb.jpg,640,640,ship,37,115,640,502
781767_jpg.rf.bf578a425c2730d8711458be3cf23ede.jpg,640,640,ship,43,167,633,592
834142_jpg.rf.bfa25ec7e42644d30e1981911204c04f.jpg,640,640,ship,30,248,608,463
500269_jpg.rf.c241104667022865b87eda23f18d1b87.jpg,640,640,ship,26,168,624,403
596705_jpg.rf.c1ba78824c3537f9564e12809c9d0729.jpg,640,640,ship,18,285,628,417
70709_jpg.rf.c0d450c0652c88ab1f02f0693443495b.jpg,640,640,ship,34,356,614,539
659513_jpg.rf.c22c4f33d43b8f0ffe1cd402bff06acf.jpg,640,640,ship,16,260,616,400
244531_jpg.rf.c2b8e7bb4f960a4ffb87505e7da2f241.jpg,640,640,ship,41,277,601,382
166041_jpg.rf.c232ad6be4cba38da2bd1600c9078958.jpg,640,640,ship,123,176,553,466
106778_jpg.rf.c21a0df3fe1a362886610e67870ead21.jpg,640,640,ship,61,224,594,379
867664_jpg.rf.c245ecebc4dcab8bae784f2dabdeed0f.jpg,640,640,ship,16,156,604,516
274036_jpg.rf.c2c25718aa8092ba37c7a50715320e61.jpg,640,640,ship,39,314,601,479
192-168-0-64_01_20200720101235403_jpg.rf.c394dd9c5404bf0f93076ed735200b23.jpg,640,640,ship,93,417,556,632
192-168-0-64_01_20200720101235403_jpg.rf.c394dd9c5404bf0f93076ed735200b23.jpg,640,640,ship,63,451,146,493
716252_jpg.rf.c3f10cf9d67ccad224c4aff05c9cb844.jpg,640,640,ship,128,45,540,563
435008_jpg.rf.c44bc419f29874e2150720f067aa52d0.jpg,640,640,ship,80,196,588,466
128070_jpg.rf.c4a675891ca501658de2309e37cdca50.jpg,640,640,ship,44,305,599,445
372147_jpg.rf.c61479ee0d09952fbd8df96cb78fbe35.jpg,640,640,ship,219,171,571,454
574418_jpg.rf.c58cb7d4706baa4ef91fed35aad20fc3.jpg,640,640,ship,49,19,416,556
858941_jpg.rf.c445ad5150ed0c76c70a2bd6b94c9b0c.jpg,640,640,ship,30,178,615,398
718451_jpg.rf.c6140aa2fa4e2d6c186b249f0c90f2b7.jpg,640,640,ship,30,150,580,458
683997_jpg.rf.c5c31c58bd34f4b045fa098e24e31b52.jpg,640,640,ship,21,270,594,405
1492_jpg.rf.c6263763ae8eafaa80d1dc896f330ac1.jpg,640,640,ship,97,212,545,377
194715_jpg.rf.c58549b9f1ce2643b4d7b4fce53bc401.jpg,640,640,ship,38,205,610,410
589367_jpg.rf.c4eccedb8e563dcd81c9b47a86a22524.jpg,640,640,ship,45,251,477,459
683349_jpg.rf.c4f86a9083532d3484ae1fc6a2284620.jpg,640,640,ship,40,145,595,385
258982_jpg.rf.c42acb24d38015e94826f0b2b88ba3e8.jpg,640,640,ship,51,184,621,514
732304_jpg.rf.c2c7376bc92c48ca44275c65c6b12e43.jpg,640,640,ship,19,220,619,472
671238_jpg.rf.ed37e0f8257a80df5950123a939f5a4a.jpg,640,640,ship,49,251,609,504
314519_jpg.rf.edbc21c4135066799a4e6498bc6bb654.jpg,640,640,ship,122,239,510,396
223468_jpg.rf.ef89e3dc0a19f43cde969f9f13b191cc.jpg,640,640,ship,129,153,521,488
6602_jpg.rf.edb389ad9a5864560e547b21b1f84e10.jpg,640,640,ship,78,213,538,583
837393_jpg.rf.eff5b05019d9cbf3a9f057a247f5b354.jpg,640,640,ship,69,282,524,390
883666_jpg.rf.eeb7c36c0c3063d201145c33c1736703.jpg,640,640,ship,3,296,628,446
MVI_1452_VIS_Haze_frame90_jpg.rf.ef103eb7273ad08e112c7807d6061d5f.jpg,640,640,ship,356,112,444,476
653665_jpg.rf.ed5b0f4a0971c8f01445da1e2dc51ee3.jpg,640,640,ship,129,238,606,388
192-168-0-64_01_20200808113111394_jpg.rf.ed6bbe88290bb2d546aa89663d8180ec.jpg,640,640,ship,186,426,309,487
191446_jpg.rf.f04eef35de256fd92897ebed97607321.jpg,640,640,ship,33,208,588,490
851666_jpg.rf.eebacfd7ef53435695e5559fc4cda14e.jpg,640,640,ship,24,280,626,450
455088_jpg.rf.ee9bfe8e21e821ee81614fb541e32c36.jpg,640,640,ship,53,291,595,394
658952_jpg.rf.eebe461119ec39e0439b634d81ff3293.jpg,640,640,ship,74,169,611,521
623415_jpg.rf.f0ea950c5c7fb4aa06ddc4892476ae48.jpg,640,640,ship,15,243,617,385
313986_jpg.rf.f11c42a22884b3f665aa7ee45f388907.jpg,640,640,ship,31,85,491,607
661352_jpg.rf.eec63b85b5b8be79d5e7934297d52362.jpg,640,640,ship,76,171,536,431
296792_jpg.rf.eecb59587ad92d94a2043e7edfbc2e62.jpg,640,640,ship,64,215,586,365
760803_jpg.rf.f161eb4a829b68a8e5017e5c7feb8599.jpg,640,640,ship,9,291,626,454
337320_jpg.rf.f13f7cd9e4623d5508691cbc6506968c.jpg,640,640,ship,22,198,620,400
268246_jpg.rf.f19870ed62ea973dc72ed3fa3361e18f.jpg,640,640,ship,26,215,624,387
504474_jpg.rf.f1d899bd3d32945ea6dddcaeaebe02c7.jpg,640,640,ship,33,308,618,420
480806_jpg.rf.f24845e2bc05d5711a8a050329dd7679.jpg,640,640,ship,3,320,635,508
681548_jpg.rf.f21d22821455e0155380fb688f30b1bf.jpg,640,640,ship,119,265,601,343
640444_jpg.rf.f32d2f5b4387b36025686f7b1e209353.jpg,640,640,ship,36,111,606,434
489706_jpg.rf.f2ec790eb74785f0e1bf1e5cf33984bb.jpg,640,640,ship,51,250,534,445
893271_jpg.rf.f2e4aca6be641051f807ded027ada03f.jpg,640,640,ship,48,200,618,560
749494_jpg.rf.f19f7d2a6fc3c18ba2f73273ec8dddda.jpg,640,640,ship,58,140,580,408
841322_jpg.rf.f3f672c03b7e1f678b927910ef94bf7f.jpg,640,640,ship,28,124,623,559
118265_jpg.rf.f450fad484bbce46b5a34f79de01ba10.jpg,640,640,ship,44,263,624,400
355737_jpg.rf.f464066113087e558c04771dd1dffe76.jpg,640,640,ship,41,211,584,491
122893_jpg.rf.f41e18296337981b6bfdb5737d289e66.jpg,640,640,ship,41,253,604,433
141520_jpg.rf.f3de7f2474095b9f9ffaa86fdf7420ed.jpg,640,640,ship,38,270,600,420
885483_jpg.rf.f565374e8cd293ccb0e63c2031ea5a8e.jpg,640,640,ship,13,296,625,479
623693_jpg.rf.f5c8900cbaa822be8e3775a21db5ae98.jpg,640,640,ship,27,264,632,406
486216_jpg.rf.f55e8077d4973654b5039dcddd2a5c91.jpg,640,640,ship,23,272,588,350
192-168-0-64_01_20200807074301537_jpg.rf.f3cd33a2e5198b072d77c83e1889ebc4.jpg,640,640,ship,160,262,425,323
192-168-0-64_01_20200807074301537_jpg.rf.f3cd33a2e5198b072d77c83e1889ebc4.jpg,640,640,ship,0,251,170,364
841367_jpg.rf.f61f93913d332e363fcb0bb9d91d291b.jpg,640,640,ship,20,293,595,395
693051_jpg.rf.f62d5d6b5e6ddde9f810e445e161d903.jpg,640,640,ship,48,206,598,436
448399_jpg.rf.f727d3ff17618d8370a56eecc67854d0.jpg,640,640,ship,55,105,565,563
519120_jpg.rf.f66311d70b07a89f4f3eb5dea6d6574f.jpg,640,640,ship,9,209,624,419
607785_jpg.rf.f64c24e24cc9a23630469e7173901276.jpg,640,640,ship,49,244,596,389
759912_jpg.rf.f76b466943610c73e2c907a2e24eaca2.jpg,640,640,ship,75,181,607,441
453301_jpg.rf.f7f3c4b22199268ceb4df1c92a4c5c68.jpg,640,640,ship,60,152,568,417
809389_jpg.rf.f59d46f367cc924eef4fc0027b39f44d.jpg,640,640,ship,14,362,604,460
101407_jpg.rf.f7ab39b572dff0dd7b9b574b7661452f.jpg,640,640,ship,166,44,454,581
245703_jpg.rf.f74552d7a71a27c963590bce28f8e0a5.jpg,640,640,ship,31,234,619,356
681188_jpg.rf.f81ecd3bb53d66adaaa17d7ebe76a06d.jpg,640,640,ship,31,81,591,479
217242_jpg.rf.f8a95f2ba9cdc876ddd47b04a4a03b92.jpg,640,640,ship,69,224,591,424
20132_jpg.rf.f6682fbd5808b852f4192e93e8d2fc9e.jpg,640,640,ship,73,314,563,451
875814_jpg.rf.f94460e358bff5254c278d3ee456283c.jpg,640,640,ship,32,391,587,551
697974_jpg.rf.f7eaefd55f9dc9b6beaa1af15d5d0852.jpg,640,640,ship,49,252,611,497
710990_jpg.rf.f91a3df733b95d02892fab6f2fb66de6.jpg,640,640,ship,79,200,561,350
672275_jpg.rf.f951735fa62084cdb316de75d6972532.jpg,640,640,ship,29,160,621,500
871937_jpg.rf.fa76977097034d5d37aaee0557ed76c4.jpg,640,640,ship,27,439,615,536
343944_jpg.rf.f96dffa457fb650275c7b9d6a591874f.jpg,640,640,ship,12,311,630,494
751650_jpg.rf.f9b9c01fb5917256fd23be1d2586122e.jpg,640,640,ship,34,134,591,414
802632_jpg.rf.fab48bb5b79918c940e6828cc157c575.jpg,640,640,ship,55,88,593,480
602562_jpg.rf.fae6c76c4018fd11c94065510bdedba1.jpg,640,640,ship,74,248,491,411
754163_jpg.rf.fb144ccdc7dbcb079f0ca719972b3945.jpg,640,640,ship,9,205,609,440
696230_jpg.rf.f9e633ab38a4571d83d09c1ae5de3582.jpg,640,640,ship,19,249,621,404
718532_jpg.rf.fb6c0efda52a91401e2cc80c8d971665.jpg,640,640,ship,40,179,575,481
845800_jpg.rf.fdeeb0bb095d67a657cd38a7a103b876.jpg,640,640,ship,14,307,616,412
812939_jpg.rf.fde25445cb8c9a023d85cc8b6776d5ac.jpg,640,640,ship,35,166,550,396
295521_jpg.rf.fd336b887026d15518cdbe5097da4d02.jpg,640,640,ship,54,271,579,409
237304_jpg.rf.fb81e664b71de0ecd779d4b5854a2c42.jpg,640,640,ship,15,256,520,436
403906_jpg.rf.fe0def09fcdd83856fd91f58da561604.jpg,640,640,ship,56,118,584,538
825947_jpg.rf.fe0f16987603da52e22ca3517b52572a.jpg,640,640,ship,66,284,576,394
192-168-0-64_01_20200720112252207_jpg.rf.fef1c326374d7be6bb4f9f9b938850dd.jpg,640,640,ship,56,360,313,481
192-168-0-64_01_20200720112252207_jpg.rf.fef1c326374d7be6bb4f9f9b938850dd.jpg,640,640,ship,431,398,607,500
374502_jpg.rf.fe78cabc93346997c9b94c0ea391160b.jpg,640,640,ship,28,181,570,434
604149_jpg.rf.ff744c7b68e3177e2887905c98f42630.jpg,640,640,ship,100,225,545,553
857026_jpg.rf.c6639ec106358cafd11ebbb070bd057b.jpg,640,640,ship,24,215,624,535
23504_jpg.rf.c6a17e8e0c648f316a3c11adc79c5ad3.jpg,640,640,ship,66,159,484,549
818849_jpg.rf.c6fa07c44efe6c7ed0bd2d121e6ce8c5.jpg,640,640,ship,28,215,613,453
835525_jpg.rf.c62f467d3c3c69e2eaccf628e79055de.jpg,640,640,ship,99,112,529,520
197074_jpg.rf.c740206102fea6a5fccda917c259c912.jpg,640,640,ship,269,188,604,358
436366_jpg.rf.c79e0567d8fbb4b0c2d7b9814dab7602.jpg,640,640,ship,30,303,620,405
808458_jpg.rf.c741c4adecb88ffcf19d1309de902149.jpg,640,640,ship,56,194,559,556
886657_jpg.rf.c8b4bde1c12ed1870227b1ed6f032efa.jpg,640,640,ship,30,235,620,513
82723_jpg.rf.c810296e60cfb69a1dbebb864e9efdac.jpg,640,640,ship,39,119,591,411
434912_jpg.rf.c8a61aabd12b0b984e4e90fae52b2f63.jpg,640,640,ship,45,163,570,473
775998_jpg.rf.c6f303397b56fe9f1c3dc287d9e2da1c.jpg,640,640,ship,65,246,540,514
440207_jpg.rf.c88411b7ab222759b131121a01fb5641.jpg,640,640,ship,86,158,419,413
577786_jpg.rf.c76c5c89efc6003b08908f134c6b796b.jpg,640,640,ship,41,193,449,528
128062_jpg.rf.c806a37fdd086df95887744936a963f7.jpg,640,640,ship,43,213,593,428
682456_jpg.rf.c8bd75fdf57f6296725a86fab4fa5946.jpg,640,640,ship,84,175,461,395
821743_jpg.rf.c9c1471478e9e6e2a6a1399db6790183.jpg,640,640,ship,11,196,621,474
290609_jpg.rf.c92ecba064c9cb36da4af0ff4a5d050e.jpg,640,640,ship,12,336,630,476
204458_jpg.rf.c7de79e3d260f2e1f89af05e2470cea4.jpg,640,640,ship,49,255,609,437
435327_jpg.rf.c953cdb87d924ef899a4b7565ac8fd2a.jpg,640,640,ship,101,160,629,588
444005_jpg.rf.c9c913451c0b07fe3778fd9954ecdf2f.jpg,640,640,ship,44,119,621,484
256791_jpg.rf.ca56a22906d5ac0a52e54ce1f3cd078c.jpg,640,640,ship,14,292,619,450
99291_jpg.rf.ca2a6ce0e73e348330c58191d393c44f.jpg,640,640,ship,103,435,593,520
527307_jpg.rf.cbae21ea3ace34ad38e19260678f0c2f.jpg,640,640,ship,56,350,614,470
355987_jpg.rf.cb75fe56d8a124a9603d01d3d935e83a.jpg,640,640,ship,73,389,585,466
806986_jpg.rf.cb51c8ed7a4e125f92e3b8cd8e133833.jpg,640,640,ship,30,187,628,402
291029_jpg.rf.cb27bdf33fa38753ab69b0348d051c9d.jpg,640,640,ship,205,185,420,453
374964_jpg.rf.ca442c8b50b2c19f4452a8f932e74380.jpg,640,640,ship,58,203,633,408
620321_jpg.rf.cc1ea77be7e9db3d711f89c77a847ecc.jpg,640,640,ship,61,216,554,474
481052_jpg.rf.ca4acf42fa25a2b44dad20dbb70854be.jpg,640,640,ship,36,194,609,469
6775_jpg.rf.ca70641648de1d3a9bdf02453ce0c6aa.jpg,640,640,ship,33,173,615,465
318257_jpg.rf.cc50c7571a461bc51b6487b773af2209.jpg,640,640,ship,43,221,623,414
739587_jpg.rf.ccb565bc32ba676da64938fa95375647.jpg,640,640,ship,94,256,546,366
81359_jpg.rf.ca51aff2ed2c2c8a9f40fefbbba3ba96.jpg,640,640,ship,48,173,610,413
846944_jpg.rf.cc494d9a0a5c9ab4ca9490a58a989d97.jpg,640,640,ship,45,232,610,427
596660_jpg.rf.cc272da7acbda9f042113133c94aa9b0.jpg,640,640,ship,9,235,629,443
507280_jpg.rf.cd2d15f1ef0483f5f5d50ea11e52a72e.jpg,640,640,ship,15,154,633,489
192-168-0-64_01_20200908125514575_jpg.rf.cd9928485000ce637b87368d7b9d9fdc.jpg,640,640,ship,305,368,443,488
675844_jpg.rf.ccfbca256ac7af0a55d45f5b213c66cf.jpg,640,640,ship,9,245,631,433
626302_jpg.rf.cd84eab5397e6560b8146d5c6067f321.jpg,640,640,ship,51,351,599,434
249167_jpg.rf.ce33463fbf74a344def3c5a11061edcc.jpg,640,640,ship,165,237,570,402
804373_jpg.rf.cf8b990b45b97e1ebd69275d90616892.jpg,640,640,ship,117,334,542,444
12897_jpg.rf.ce51bbaaeed5c2a35db9ac5336009432.jpg,640,640,ship,82,303,557,423
773473_jpg.rf.cfa421cf159a66c7a7bde982bdd1cad2.jpg,640,640,ship,57,276,612,386
638835_jpg.rf.ce40cb65063614ed880ab415994ae4a5.jpg,640,640,ship,48,144,600,489
33084_jpg.rf.cdfa1533a2297bf6060db5f50b2e5bfa.jpg,640,640,ship,60,65,590,415
236249_jpg.rf.d0583d9e103efc82fe1b4f62fde75672.jpg,640,640,ship,26,236,616,464
321144_jpg.rf.d04adc9176bd5fa222458450d95813c9.jpg,640,640,ship,139,227,546,472
778286_jpg.rf.cfe8209ac398c7eb5d72fda307bf84f0.jpg,640,640,ship,236,309,439,481
155977_jpg.rf.ce12e777e60a98ac416195bb9350c846.jpg,640,640,ship,206,226,499,394
765635_jpg.rf.d06ae1a76e87cac0b0845e6e36ceb9b9.jpg,640,640,ship,90,294,502,386
213476_jpg.rf.d102941e533d223b786c5c5b2de1719e.jpg,640,640,ship,104,109,534,469
791935_jpg.rf.d0b8141f6c1777f92a6c7e38ada236bd.jpg,640,640,ship,41,120,579,515
2886_jpg.rf.d157d18ee7768cb84df1a305c945d8e3.jpg,640,640,ship,102,196,560,436
626105_jpg.rf.d25c736d93544974727fa38a6defca39.jpg,640,640,ship,8,180,630,390
500945_jpg.rf.d2dcce3924f23c5791dc2df7413580c8.jpg,640,640,ship,26,295,599,400
886337_jpg.rf.d19485250e9e06414a352a45223cb944.jpg,640,640,ship,49,292,574,457
774978_jpg.rf.d1c5e0e5480f70ea5a4c060ce152dc2b.jpg,640,640,ship,105,180,523,418
597044_jpg.rf.d2e236a7576890127d02091aac89c1ba.jpg,640,640,ship,71,234,489,384
168417_jpg.rf.d2d671afab2ef6c980524b20a6a39278.jpg,640,640,ship,51,432,629,510
562600_jpg.rf.d5289aae9b2f5c7404bf143bf1775320.jpg,640,640,ship,55,106,617,594
583675_jpg.rf.d4632e7d981ea058a0dd3f96fdab35c2.jpg,640,640,ship,26,162,626,487
797094_jpg.rf.d50ac0bb48bef427a98dd9ec65d43b8d.jpg,640,640,ship,145,85,457,573
801744_jpg.rf.d2f3e37364e0ea104dfbf8a5f7510263.jpg,640,640,ship,86,286,596,416
491305_jpg.rf.d5cf9b891c70119276df27ac87f5e052.jpg,640,640,ship,82,267,520,462
280005_jpg.rf.d51dcb23a2fa99b6ba9ff49804dc4a2e.jpg,640,640,ship,114,272,624,390
464196_jpg.rf.d441c207041f8f99ade74ae237797cf8.jpg,640,640,ship,50,335,590,487
107483_jpg.rf.d5773ea781eae0e1d854648831eb6ddb.jpg,640,640,ship,111,274,551,376
844052_jpg.rf.d5e90bf72a3d1bece1becfea78a08e0d.jpg,640,640,ship,22,183,610,445
354816_jpg.rf.d5deee90285bce91f298885b5f23e80d.jpg,640,640,ship,28,278,598,380
650029_jpg.rf.d5049d8099f1101f0df76065074cf4b8.jpg,640,640,ship,51,260,631,448
192-168-0-64_01_20200720111854620_jpg.rf.d5206c26533c2dd3e0f5fa3e54464c38.jpg,640,640,ship,344,411,608,496
192-168-0-64_01_20200720111854620_jpg.rf.d5206c26533c2dd3e0f5fa3e54464c38.jpg,640,640,ship,378,412,423,437
192-168-0-64_01_20200720111854620_jpg.rf.d5206c26533c2dd3e0f5fa3e54464c38.jpg,640,640,ship,30,414,61,434
45367_jpg.rf.d5f2d0f7740ba878ab1284c7c07a2a40.jpg,640,640,ship,27,232,625,490
504877_jpg.rf.d616a5dddc80501cec11a845670a3aa5.jpg,640,640,ship,110,196,602,426
751651_jpg.rf.d68281d44756a3ec3b82ded67e4d810e.jpg,640,640,ship,51,308,584,570
776530_jpg.rf.d6b81ab5170001d9fa61c958ba176224.jpg,640,640,ship,94,295,574,485
677944_jpg.rf.d8a2e0ef78715a8576765f8357ba58d1.jpg,640,640,ship,33,163,518,473
291455_jpg.rf.d64c4d71adea46401d34f1a3c2a05977.jpg,640,640,ship,153,24,503,514
263682_jpg.rf.d790d6f144d657062154514724d6ab42.jpg,640,640,ship,76,104,564,354
175226_jpg.rf.d8434e6eed963c1fd1a41e1a471c5a3e.jpg,640,640,ship,15,240,625,435
814568_jpg.rf.d703370da5bb187cc79c407791ab42a8.jpg,640,640,ship,127,326,465,459
499382_jpg.rf.d970e620612de64f1ac0e93c7f9f89ac.jpg,640,640,ship,3,295,593,383
246572_jpg.rf.da007e008f0f31a224b40da64fa12705.jpg,640,640,ship,45,210,593,545
814785_jpg.rf.db5aa183e2febfd2dd03d47383c405aa.jpg,640,640,ship,175,217,437,572
486973_jpg.rf.da80f72363aa568e3323ceb738080304.jpg,640,640,ship,31,193,589,463
741161_jpg.rf.d9a8723c42f6e2deda0320afe376fa6d.jpg,640,640,ship,35,113,615,485
166846_jpg.rf.db614a9cc74212d9fedd8ace8213f214.jpg,640,640,ship,28,258,543,458
398762_jpg.rf.daf5adba701edd35c513c9bd4b130053.jpg,640,640,ship,54,204,596,486
122205_jpg.rf.dace21f605edbf879557958e8ace2fe5.jpg,640,640,ship,44,183,601,385
776771_jpg.rf.dce2f95da6fab729735a4e5adef680e1.jpg,640,640,ship,100,301,562,421
441080_jpg.rf.d8bce61a51b4719847c0f1472bbde38a.jpg,640,640,ship,66,325,586,443
555315_jpg.rf.dd10e2ef5bde7991513b7a81d8d4dd33.jpg,640,640,ship,192,24,480,601
788449_jpg.rf.dcafe37459a8e146f85f420a84e66357.jpg,640,640,ship,91,280,564,525
708705_jpg.rf.dd1c79bdf97476a32876cbbb3b81966f.jpg,640,640,ship,71,168,569,410
750185_jpg.rf.dd19f2f10ded7024c9d6071763899cdf.jpg,640,640,ship,15,191,627,449
418089_jpg.rf.dcbd82bff308fdadebb8d9818d2a4d09.jpg,640,640,ship,7,143,582,375
591869_jpg.rf.dbcb909d336e255eec26f25f25acfaf4.jpg,640,640,ship,29,124,616,599
214285_jpg.rf.dce93ae8978e206b57cf073f764cbe1e.jpg,640,640,ship,88,254,588,531
449289_jpg.rf.dafcffe2f918ea017b74b6066461fb01.jpg,640,640,ship,40,364,578,466
611696_jpg.rf.dd22cfc9b5520c59fb911b14299c9b0b.jpg,640,640,ship,170,148,418,533
790202_jpg.rf.dd43dccc39db848c162d3b8cc1e2bc24.jpg,640,640,ship,31,305,589,375
446021_jpg.rf.de23f44d2c25b582f04fab664188c653.jpg,640,640,ship,34,159,611,394
349708_jpg.rf.df6d785fdffb07359d78771b769bb08b.jpg,640,640,ship,49,256,556,574
577691_jpg.rf.de9c50910076b8e139b00887b8eacafc.jpg,640,640,ship,10,109,580,521
73106_jpg.rf.df422f511c7761929b7279bf226253a0.jpg,640,640,ship,108,268,390,390
337828_jpg.rf.df3b337dc82b432abf5ff24453c2c748.jpg,640,640,ship,71,170,559,432
591994_jpg.rf.dd831a00da680a83577bafefee123bc5.jpg,640,640,ship,40,224,568,491
657159_jpg.rf.dfc922e1d1a682f3b526ca40c5fc004e.jpg,640,640,ship,23,197,618,485
745792_jpg.rf.df3a320771de63cf78602176fb5be676.jpg,640,640,ship,53,234,583,394
819994_jpg.rf.ddd786516485384a309fd93920828daa.jpg,640,640,ship,36,356,616,574
682926_jpg.rf.def48e6006cda8f88aa493892c7ecaf8.jpg,640,640,ship,33,315,583,437
359804_jpg.rf.e0306af672cd580f80def94a9f4535d9.jpg,640,640,ship,47,302,622,460
735405_jpg.rf.dec1278352946e95f33dfe5d637fda2a.jpg,640,640,ship,65,253,605,393
overlaid_2014-08-01-14-59_00205-eo_img0_00262_1406930248271194_png_jpg.rf.dfe750902ca7ce7f3296cd6e33a07f2a.jpg,640,640,ship,215,445,493,597
402734_jpg.rf.e11c4142511ca9456e4a58d42e04dc4f.jpg,640,640,ship,29,220,626,405
420161_jpg.rf.e1be6d64579dc61672113ca43c0bb6fc.jpg,640,640,ship,120,221,622,459
237272_jpg.rf.e0b8a4a3763745785abd86673612ceb2.jpg,640,640,ship,13,251,628,419
621572_jpg.rf.e19a077443d445b955f35d984038b979.jpg,640,640,ship,66,309,554,404
524435_jpg.rf.e24eef415c49756afeae80ba3cae0bd6.jpg,640,640,ship,50,343,545,415
708859_jpg.rf.e0937ba6dd661164c4795ea8ec8691da.jpg,640,640,ship,5,377,630,545
326162_jpg.rf.df87ecac88eb44db0e16c884020afef8.jpg,640,640,ship,55,254,550,424
393457_jpg.rf.e13c61bfc7e36bc5ea662862cb242e1e.jpg,640,640,ship,180,217,412,475
788277_jpg.rf.e247a1aef4fd22f58e88ac2eac0a4951.jpg,640,640,ship,169,261,519,594
110874_jpg.rf.e1804b602047ddecdc6851ed3f7bdbea.jpg,640,640,ship,53,206,605,466
550440_jpg.rf.e27ed17bd84f50d656649c535fc46142.jpg,640,640,ship,28,241,633,544
295839_jpg.rf.e2702c29884bca1e84d1d2041627dce4.jpg,640,640,ship,125,284,553,576
135339_jpg.rf.e25c337c750da05b9204b8954a87b2ef.jpg,640,640,ship,55,225,610,345
147978_jpg.rf.e16d2a23111d833e6cfe043db5265f71.jpg,640,640,ship,24,293,614,383
787847_jpg.rf.e32ec834046281cfc5afac3ed3d8d4eb.jpg,640,640,ship,66,213,629,465
532349_jpg.rf.e1c827ee123bdcb4971f7818e6ad5bc0.jpg,640,640,ship,46,171,609,411
144123_jpg.rf.e33a7a9d0674ccce33685d641105c6b5.jpg,640,640,ship,74,228,509,390
88938_jpg.rf.e33a55ea89c39b6ebb3e59cc4ecfe97a.jpg,640,640,ship,24,263,556,383
762822_jpg.rf.e284c47a03c086728dbec53c74378299.jpg,640,640,ship,166,166,596,419
375975_jpg.rf.e35827133da833d5e45084aa11ba0f73.jpg,640,640,ship,193,266,443,549
800239_jpg.rf.e395dc92b4fbd7d55cb9171d398c2485.jpg,640,640,ship,13,238,633,428
378937_jpg.rf.e4ff5d77c16a515f90edc7d8fbbb293e.jpg,640,640,ship,14,279,599,494
323217_jpg.rf.e44caaf3eb87073f998b24dab0e820a8.jpg,640,640,ship,44,222,586,347
481978_jpg.rf.e5988acb4ff86117c05f556790418130.jpg,640,640,ship,83,184,635,584
839210_jpg.rf.e5ca9e04386e87ab7d62df98f5a273f4.jpg,640,640,ship,63,277,588,415
491510_jpg.rf.e742369f4078a36d854eddea857e4beb.jpg,640,640,ship,25,176,597,459
227012_jpg.rf.e819bcacc20a78d68494f0d249c3b4e2.jpg,640,640,ship,69,244,551,349
704747_jpg.rf.e66fb0a387c27a8e073561fa71fbc027.jpg,640,640,ship,25,329,620,546
762379_jpg.rf.e7b445f8a870488b35f1a159b447efe3.jpg,640,640,ship,27,178,615,423
763823_jpg.rf.e4a75d35da6f8b57758479548e7a2344.jpg,640,640,ship,9,323,629,513
421650_jpg.rf.e9145334cdfe46ab94dc3f6a959b0ab3.jpg,640,640,ship,45,160,617,425
664687_jpg.rf.e88c6e737effd35ef527cdc854d009df.jpg,640,640,ship,53,135,588,527
356291_jpg.rf.e73f54c4935cdd673ea9b925f1f48d8a.jpg,640,640,ship,39,171,619,351
190123_jpg.rf.e5dcc3951704e2fc1285706e79761cb7.jpg,640,640,ship,54,234,604,461
807993_jpg.rf.eab9d6cb5b0a412f7ef6124c1340df47.jpg,640,640,ship,39,205,616,477
663194_jpg.rf.e9372a7cf2b730a0972f56ddca1899bc.jpg,640,640,ship,28,270,610,455
816518_jpg.rf.e94c45fa95a7b0948ddc5722fcf379f3.jpg,640,640,ship,117,79,535,489
375501_jpg.rf.ea9b77bff8a7d9f197803baaf2e088ed.jpg,640,640,ship,76,169,614,434
392544_jpg.rf.e7bdf35469538ad94adf623ca007d97c.jpg,640,640,ship,86,31,506,561
375159_jpg.rf.eb3da243618692fb3bab65b34f2579e0.jpg,640,640,ship,49,221,599,489
688390_jpg.rf.e9ebd84c3a865713f4e484822e1cb4f8.jpg,640,640,ship,85,127,520,552
69617_jpg.rf.e786c919226e34d958a00840db8393b5.jpg,640,640,ship,28,227,603,432
114674_jpg.rf.eb1bc80011e7825392d2c139c28eb3de.jpg,640,640,ship,35,267,603,392
510003_jpg.rf.e9ddd4919113ae40405a94f23b406adf.jpg,640,640,ship,64,404,599,486
732574_jpg.rf.eb4aa3fdc1100b61031e77bc5c7c5eea.jpg,640,640,ship,30,133,548,433
504335_jpg.rf.ec06fe20a503b4f3493a9e3bedfba2fe.jpg,640,640,ship,20,197,580,512
686958_jpg.rf.eb9b79defdc5b79efd45cba1d47b9c7a.jpg,640,640,ship,56,332,629,537
328991_jpg.rf.ec13029a72fa4cefacc084dfbe4d5a00.jpg,640,640,ship,19,210,624,410
670110_jpg.rf.ed1764d9755862bd5d38a177fd050c2d.jpg,640,640,ship,40,204,582,496
801886_jpg.rf.ebcbdd078101058241f5b4549854e782.jpg,640,640,ship,164,231,421,521
788012_jpg.rf.ec9d81a118a6aed917071bf1c14c0344.jpg,640,640,ship,75,280,587,478
739843_jpg.rf.ed24f7a25758e9c697d562ee78fff577.jpg,640,640,ship,103,87,535,532
841407_jpg.rf.ebfc44174d38fa9a2ece5a5a126dff34.jpg,640,640,ship,179,313,494,428
234186_jpg.rf.480cae5dbe79dcd0f659886bb42a7cc0.jpg,640,640,ship,74,264,586,394
427700_jpg.rf.47ecf4d3ee3523be37a1bbded3ba3f68.jpg,640,640,ship,92,194,550,471
361030_jpg.rf.48992fdb623c4fee037b632214c3f782.jpg,640,640,ship,9,118,601,513
437175_jpg.rf.4919a63ba3490c7df998522980edbf45.jpg,640,640,ship,203,209,483,471
575115_jpg.rf.48df0a5419b8612b3d4c300cb8514841.jpg,640,640,ship,28,141,600,371
553065_jpg.rf.47370380ab496bde9406915f34779676.jpg,640,640,ship,29,167,631,402
715894_jpg.rf.46c6389dbc0e5ffba6250085b1cb209f.jpg,640,640,ship,103,170,535,382
850593_jpg.rf.46e9992471ae804a0ed2584bb8f2a64b.jpg,640,640,ship,43,218,588,410
77852_jpg.rf.4a18ae0f838995fa0a0d100ce62f19e2.jpg,640,640,ship,44,205,629,463
132624_jpg.rf.46fdb290d98e0da46c3b7ed6640d36ee.jpg,640,640,ship,75,286,553,424
192-168-0-64_01_20200908125515113_jpg.rf.46ef31e98f22c9264ef615f1312d0de5.jpg,640,640,ship,315,361,472,478
593763_jpg.rf.475fe9e022cfee5f604677df846a8a24.jpg,640,640,ship,46,176,564,476
740289_jpg.rf.4b07dd9d21cee2a073c3e12a5611274c.jpg,640,640,ship,27,299,602,454
186390_jpg.rf.479b95a023b162a8e81cd4b769582703.jpg,640,640,ship,30,234,500,436
685885_jpg.rf.4b1d2c7ace3c378bb319762bb59ea0aa.jpg,640,640,ship,58,289,583,409
758437_jpg.rf.4c01c065d868c887293fe6f6741154d0.jpg,640,640,ship,33,253,625,453
93978_jpg.rf.4b49e48b8ce57911aabdba4b6e5380a6.jpg,640,640,ship,137,269,535,476
564967_jpg.rf.4ab6b58772931cc83e6359eabb6aa065.jpg,640,640,ship,109,278,571,383
192-168-0-64_01_20200809105107196_jpg.rf.4c393bed7fd580ec96829a6e2159015c.jpg,640,640,ship,273,170,412,261
394255_jpg.rf.4d14cefe90cba782d0b014ad330211f2.jpg,640,640,ship,56,240,604,405
556348_jpg.rf.4bd28ba268c1fe16bc83f4024f82ab14.jpg,640,640,ship,135,295,515,575
582368_jpg.rf.4e2fd7d472c6c3febe1f32de1da2cefa.jpg,640,640,ship,109,280,544,402
523531_jpg.rf.4e211b78a6522fafb73e89229e532c0e.jpg,640,640,ship,16,309,596,416
8529_jpg.rf.4e04a9ed857c57253d6000af06415668.jpg,640,640,ship,98,205,540,395
64867_jpg.rf.4eb7548718808045eca0dc776db8444c.jpg,640,640,ship,52,230,547,502
190293_jpg.rf.4cca608f556bea062a4cc0cf7bf7fb08.jpg,640,640,ship,178,282,458,427
195804_jpg.rf.4ea1858d98b2ca58f9e08c14386940e0.jpg,640,640,ship,75,129,537,546
245798_jpg.rf.4ff262fed1f35ea40061aa228ca73d3e.jpg,640,640,ship,145,160,440,382
457702_jpg.rf.50cd8621cb633b6c779f9ca2bbc5e4e2.jpg,640,640,ship,56,128,574,430
216299_jpg.rf.505ce757b72ee673352b33f413b62463.jpg,640,640,ship,89,131,551,501
792105_jpg.rf.52294013dbcabd05247b4e46f6e577e9.jpg,640,640,ship,9,235,631,420
183995_jpg.rf.50fe1178a2fbd847556c4aa5479fd59e.jpg,640,640,ship,118,172,498,377
60932_jpg.rf.51627ec11509cb583646412b51b0ab23.jpg,640,640,ship,98,229,543,349
308952_jpg.rf.50be5dff71065ad0e48d1f9b9059d947.jpg,640,640,ship,32,139,617,514
179165_jpg.rf.4ecb1f52d5920f34eb27a322c33b1206.jpg,640,640,ship,28,311,613,439
393144_jpg.rf.502c04fcc7e26428a26a40bf9117a3c9.jpg,640,640,ship,100,239,575,324
514905_jpg.rf.520544651c74a9dd917207d5eb3f0cf3.jpg,640,640,ship,30,250,612,502
885399_jpg.rf.51ad941b49cedb3ec8626b4f4a840468.jpg,640,640,ship,33,169,613,421
722151_jpg.rf.5288b187d22289cb487034f708b5da0c.jpg,640,640,ship,44,173,616,418
426345_jpg.rf.4f7f743dae24843d1fe7696482bdfa6b.jpg,640,640,ship,33,245,603,430
852280_jpg.rf.51578b37d74383f152963fba7b17e53c.jpg,640,640,ship,123,356,495,406
665947_jpg.rf.5238c84bd6bac3827d641856e337b6bf.jpg,640,640,ship,31,248,584,520
890833_jpg.rf.531047cf8bcecf5f2eb1deb1e25b30bc.jpg,640,640,ship,86,168,536,350
284267_jpg.rf.51bd2811b03409263022095f38de306b.jpg,640,640,ship,5,310,613,385
863439_jpg.rf.536026b7d6642085677fa312107e1924.jpg,640,640,ship,5,319,630,449
296180_jpg.rf.4f56de27fa7a3d8fc25a44a7e93e47a7.jpg,640,640,ship,83,167,605,415
747952_jpg.rf.4fa4d6acbfee48ee67db88c322bc8a00.jpg,640,640,ship,20,129,625,356
195331_jpg.rf.51ba442e2de3f31e8eb926c6249ab6c6.jpg,640,640,ship,29,199,594,401
492580_jpg.rf.5368f149a5630bd42324a1481861b1d9.jpg,640,640,ship,70,104,565,521
375817_jpg.rf.538ad938525898397100262de7b49f21.jpg,640,640,ship,41,203,611,468
515797_jpg.rf.554a21e8119ad17de15bd741734cc4d0.jpg,640,640,ship,39,258,531,563
771262_jpg.rf.56cf79829f84bbe84307b949037c35b4.jpg,640,640,ship,28,159,610,504
728667_jpg.rf.5644d75eaafe5c05e1080fa51bbf4443.jpg,640,640,ship,203,41,523,571
452348_jpg.rf.53be997f8b712c7a0498f11999a09e2c.jpg,640,640,ship,100,70,618,412
292277_jpg.rf.5734aae552f887df4d96604dc2a981b5.jpg,640,640,ship,53,399,585,499
746658_jpg.rf.5789da9a19caff1ea043684bef3bbaf0.jpg,640,640,ship,225,241,587,411
87218_jpg.rf.54f0f9b6f8ebce48dc8ef8f3b06c16a5.jpg,640,640,ship,34,294,609,466
851797_jpg.rf.5832aedbf79deb2468e4d1a3eadd7365.jpg,640,640,ship,119,270,524,355
261578_jpg.rf.5478eff2834084e5070a2eb2165af580.jpg,640,640,ship,36,129,576,451
97652_jpg.rf.5935321878f62d6d546502f0e716d5fb.jpg,640,640,ship,16,299,596,404
832720_jpg.rf.5714839774ff9fd7ea1d03f8e0b122c3.jpg,640,640,ship,106,210,586,328
610136_jpg.rf.5942528e698f89abced988fdb47b03ad.jpg,640,640,ship,40,284,608,396
787827_jpg.rf.597feb8c5018d60e8d993ff8d0246fee.jpg,640,640,ship,35,159,620,439
384242_jpg.rf.56f9cabab2806b7e8879ac9853799cd9.jpg,640,640,ship,40,237,598,415
519166_jpg.rf.57e7dcdd1bce48d5f3ae063c1947cb8a.jpg,640,640,ship,57,283,602,463
351935_jpg.rf.54fa8855ef88498feef3f6a03ba32a0e.jpg,640,640,ship,35,203,620,465
715759_jpg.rf.59f8d5f9b0ea9b3ad44fd92e3ebcfe5d.jpg,640,640,ship,46,234,614,401
262278_jpg.rf.5a02520074bda1a60df2565a23344fa1.jpg,640,640,ship,19,146,616,499
495854_jpg.rf.59ad06c521dad43b8eb983478d98b223.jpg,640,640,ship,20,214,640,544
875508_jpg.rf.5aca2a4090af541f1bf5d0ac6af9fdbf.jpg,640,640,ship,34,290,589,450
721151_jpg.rf.5b5356277715929b32bf1de684cf0f78.jpg,640,640,ship,35,235,620,463
41830_jpg.rf.5c45d38625fbb745d4789ed4243f6513.jpg,640,640,ship,33,222,625,440
321522_jpg.rf.5b9fa49cdcebf95dc1497ef21a14022f.jpg,640,640,ship,75,241,627,379
735445_jpg.rf.5cc865a83b06d9261f2297c1b331464d.jpg,640,640,ship,51,139,601,504
332211_jpg.rf.5afa8edc61964b5d3ffa6e774d1514ae.jpg,640,640,ship,50,293,560,383
758586_jpg.rf.5c2def1513f3f8886499ece46c1255e4.jpg,640,640,ship,30,211,615,474
704835_jpg.rf.5b6f0dc44199971f72851b044cb5c58c.jpg,640,640,ship,24,309,614,499
142309_jpg.rf.5d04e4bb8f49ff0222d40c46e98d5736.jpg,640,640,ship,69,227,634,492
635288_jpg.rf.5a39ee381d7d1ca6ae53d0ee92cad758.jpg,640,640,ship,113,334,598,459
593852_jpg.rf.5e7d0e032b79697550fcb3f6604a1f87.jpg,640,640,ship,43,239,615,509
477468_jpg.rf.5e3549ecf23a723334125a4b0f61f8ca.jpg,640,640,ship,200,199,598,329
648565_jpg.rf.5eee23f62abf8ba07fd29febaa83db08.jpg,640,640,ship,63,162,523,520
410574_jpg.rf.5f0b86088c573a31c4589cf46861d2d3.jpg,640,640,ship,182,321,480,414
514112_jpg.rf.5e8040328a543235d003329db331b005.jpg,640,640,ship,158,191,478,361
756662_jpg.rf.5e823b7dcf15b6419724b8ceb80105a0.jpg,640,640,ship,13,171,623,539
76303_jpg.rf.5ee3b88695dfa6914f7e60456dd513c0.jpg,640,640,ship,85,202,550,457
361200_jpg.rf.5e485001644a23ab7b99e2a46f433fa1.jpg,640,640,ship,29,310,621,540
608953_jpg.rf.5dc64c15627aa125ebabe93c140a3df3.jpg,640,640,ship,41,366,614,449
725181_jpg.rf.60af9c1d0c4d24dd2dc2fdde8e52d522.jpg,640,640,ship,75,115,570,505
884968_jpg.rf.5f8bee55c8d17c201081d3c443b26c62.jpg,640,640,ship,31,292,609,440
722449_jpg.rf.6036c12ac52cb00ce9265d7ed3054580.jpg,640,640,ship,58,71,573,414
568626_jpg.rf.613200cf81ea3fbc624f889359e34178.jpg,640,640,ship,130,36,498,579
84512_jpg.rf.60ad0721ad7bfe5606551ef16ddc702b.jpg,640,640,ship,81,333,609,398
238475_jpg.rf.6152aa3ad917ca5a732bbe2d6642d0a0.jpg,640,640,ship,28,259,618,399
813204_jpg.rf.60529550a1494c0948456b5c4825cb80.jpg,640,640,ship,26,229,609,501
92293_jpg.rf.5fec7c2b926334b2aa5203fddbb9de6d.jpg,640,640,ship,30,275,592,397
300398_jpg.rf.61100d309601c359a900e4a2e0335ca7.jpg,640,640,ship,7,224,632,366
550071_jpg.rf.6103829a60c32c980b44e4418f613bc0.jpg,640,640,ship,77,327,552,465
758890_jpg.rf.60a5c578f7a603e15f5ccc0e48c4c3fd.jpg,640,640,ship,52,118,570,390
20406_jpg.rf.62443b7ce8551b17155fc00a8396de38.jpg,640,640,ship,15,370,583,485
326747_jpg.rf.624922f22c9ce4d7632a25ebf7a5199c.jpg,640,640,ship,40,288,612,418
651469_jpg.rf.6207d6fdc18e787b675a05d15c4f877e.jpg,640,640,ship,90,231,602,414
354057_jpg.rf.6326598e745d24befa10ceb6c9e4c42d.jpg,640,640,ship,5,183,617,438
363023_jpg.rf.62b1330204edefee0853081ce7160e5c.jpg,640,640,ship,14,199,611,381
290349_jpg.rf.63426c133181144f7ec05088e7f8b699.jpg,640,640,ship,89,214,559,394
819005_jpg.rf.636a46a65f517226c5ace6a6dac81a7c.jpg,640,640,ship,18,123,623,425
742487_jpg.rf.63876cb53f60e3bb1b4cf6eaebd7dd87.jpg,640,640,ship,21,251,629,419
386284_jpg.rf.64505fc55f1a998bc4f00fc8e1f87ade.jpg,640,640,ship,100,219,520,409
803481_jpg.rf.648bd19e3638e109e23ee86d3a0afbe2.jpg,640,640,ship,33,206,603,419
688352_jpg.rf.6469eb4f658ae827781906dedc7e2e91.jpg,640,640,ship,19,239,614,474
180369_jpg.rf.653f6dbec6414a8aecaae6fb6cf2fc88.jpg,640,640,ship,71,135,619,395
17_jpg.rf.64e311fa0d4302b360baf2ec670af5f1.jpg,640,640,ship,157,222,311,272
436073_jpg.rf.66a90d012fda05442eb446359640a3ac.jpg,640,640,ship,118,94,568,426
139820_jpg.rf.657df1ae11f6c47f4a4586eefe0ac49b.jpg,640,640,ship,93,164,555,516
894859_jpg.rf.685576dbe892f1f51ac8c05f98bb60c5.jpg,640,640,ship,86,170,606,302
769378_jpg.rf.66dd91bc2c6f72056b40c6bb45ab1d22.jpg,640,640,ship,25,211,593,454
870640_jpg.rf.6791a0338021845fa40b382261e197f9.jpg,640,640,ship,41,394,611,479
758283_jpg.rf.65231bbead44457ee12bf46cc5d7c925.jpg,640,640,ship,68,172,610,490
65551_jpg.rf.67c72e9464e09612114131531586c8b3.jpg,640,640,ship,68,286,620,409
876930_jpg.rf.65b67dd1403a52898d2faeae864823e8.jpg,640,640,ship,63,153,558,355
800195_jpg.rf.684d5b903ae3c2f2ac9b8914062bd038.jpg,640,640,ship,29,242,581,520
114760_jpg.rf.68057832e38a1cfc13da16ff9547c241.jpg,640,640,ship,94,220,606,445
775219_jpg.rf.6c6ae1278eb7fea8f66a5f57d8aec135.jpg,640,640,ship,27,239,622,489
644872_jpg.rf.69975af6fbfebebd8237c8086638055f.jpg,640,640,ship,19,308,621,478
203887_jpg.rf.6ae8a4d4947322d843415196b5e6bd91.jpg,640,640,ship,76,190,546,495
312657_jpg.rf.6b42eb6c168e9bb902964e2cd8cdfb96.jpg,640,640,ship,44,88,589,520
384343_jpg.rf.6c2d78e84165e86f25b6a47d928f2782.jpg,640,640,ship,50,321,550,484
154414_jpg.rf.698e2bbc37df2d99f3dc419913bdd7da.jpg,640,640,ship,105,358,570,510
741741_jpg.rf.6ad6f115077a05bf13a8969f033fad94.jpg,640,640,ship,35,297,587,422
691542_jpg.rf.6a2025cd3094b76e73f6205a31daa49e.jpg,640,640,ship,63,304,603,376
896686_jpg.rf.6b2320fc293007dd664f9e4c5a75fc96.jpg,640,640,ship,47,243,612,418
812058_jpg.rf.6d7ecfeba0050e5c28522dfc4b51f823.jpg,640,640,ship,44,193,586,455
390678_jpg.rf.6b0378bbf2978ff19494e759f21c6fd1.jpg,640,640,ship,45,250,613,390
359345_jpg.rf.6d477bb9b1467c29c2400aed30880131.jpg,640,640,ship,44,346,494,499
764473_jpg.rf.6b47bc9d7bc1e38d32e50052fd72266d.jpg,640,640,ship,48,236,613,356
390103_jpg.rf.6bc4fd6a6dd081450cd961cb4c4f766d.jpg,640,640,ship,19,315,624,455
667736_jpg.rf.6a525a8f1742a913846d4ddec32f8129.jpg,640,640,ship,15,324,617,479
655923_jpg.rf.6d89872a554d4a46603459afffe1fe39.jpg,640,640,ship,39,184,594,436
296856_jpg.rf.6d7e2f068b6082d55e3b07916c3cf6e2.jpg,640,640,ship,73,200,603,420
749408_jpg.rf.6ce8aee8660857ded401ac172f657063.jpg,640,640,ship,55,225,613,397
130645_jpg.rf.6e0dc7ca2dc408ca4733419c9ce55ab1.jpg,640,640,ship,193,119,453,414
561039_jpg.rf.6e63559b34a6c3c6272be0599a951ba0.jpg,640,640,ship,49,184,581,399
826122_jpg.rf.6e7520b254dbef2fc7e69ce0c7065b51.jpg,640,640,ship,25,114,623,491
462851_jpg.rf.6eddaf1f5d0f1eb9ded1b6dd3d038415.jpg,640,640,ship,33,154,563,444
204211_jpg.rf.6e9c3b1560496eb76e1fc6ee0eb31909.jpg,640,640,ship,67,307,572,455
776391_jpg.rf.6f459d0bdf580c6cf240b2edc6e9dc63.jpg,640,640,ship,16,269,596,479
580813_jpg.rf.70f7f5d9b2864fd50d34e0b69e09f113.jpg,640,640,ship,39,208,619,483
335851_jpg.rf.6f033a39da86e507a1481cba7804785e.jpg,640,640,ship,23,162,598,390
649842_jpg.rf.7018a49e646ad8c1aa2c3e99b6ae198f.jpg,640,640,ship,60,285,568,545
884631_jpg.rf.6f8f37b0a1426f799baa926332ec65c1.jpg,640,640,ship,46,138,606,463
49232_jpg.rf.71d353988eaf381d9432862b86bd0837.jpg,640,640,ship,58,264,560,394
347332_jpg.rf.7183fa1484b7103f73197e2142c813ca.jpg,640,640,ship,22,212,627,390
729257_jpg.rf.723e4c1fc621f5a0d0c231afa578d179.jpg,640,640,ship,65,297,550,395
430623_jpg.rf.6efc008e50be377b209f1ba800827621.jpg,640,640,ship,119,266,586,599
498066_jpg.rf.72b4cbaa98d54bc8a3ba1f918d2af326.jpg,640,640,ship,61,229,561,514
825277_jpg.rf.724a3106f6fc31c8b9ff39b3f742500f.jpg,640,640,ship,84,223,564,488
814052_jpg.rf.6f890f4c403b0084d5c553d1c0b2617f.jpg,640,640,ship,21,214,624,389
240154_jpg.rf.70fe322123d83df7d56e3f1374a31d66.jpg,640,640,ship,48,111,578,481
446792_jpg.rf.7063a89139f277c50314eef1e04a21ac.jpg,640,640,ship,23,174,615,576
375711_jpg.rf.7168c85d6b3d6f36e5094514bdc4a616.jpg,640,640,ship,24,272,604,530
286044_jpg.rf.730ecc5b5798ebc3f5fe6558f36bea3f.jpg,640,640,ship,26,275,614,415
766174_jpg.rf.73924314d4c4aab7c363cea7710e1c13.jpg,640,640,ship,52,260,570,405
167464_jpg.rf.6ff068bd9a5a50447eb54afee6322e23.jpg,640,640,ship,58,233,628,413
343674_jpg.rf.72e0f08c02c72c7fc90a2a56db0846e4.jpg,640,640,ship,234,279,486,404
